PortfolioName,Asset,Quantity,PurchasePrice,CurrentPrice
Balanced Fund,NVDA,350,2866.49,3267.49
Balanced Fund,NVDA,241,722.39,832.48
Income Fund,ADBE,207,3295.14,4473.35
Income Fund,BABA,40,1702.79,2510.51
Income Fund,GOOGL,305,2711.73,2317.97
Income Fund,TSLA,405,809.49,679.97
Income Fund,NVDA,201,2260.58,3209.22
Income Fund,ADBE,330,1513.61,1603.37
Balanced Fund,MSFT,126,2255.32,3031.26
Balanced Fund,TSLA,28,2717.28,3382.91
Balanced Fund,GOOGL,37,563.59,539.95
Growth Fund,BABA,371,1148.94,1190.95
Balanced Fund,AAPL,265,656.27,933.03
Tech Fund,BABA,225,3329.79,3917.54
Growth Fund,MSFT,395,1464.19,1174.5
Growth Fund,NFLX,255,2044.7,3047.89
Growth Fund,NVDA,364,2259.19,2827.78
Growth Fund,ADBE,463,677.12,664.21
Balanced Fund,AAPL,407,669.76,743.59
Balanced Fund,AMZN,318,2744.19,2391.71
Growth Fund,MSFT,149,2256.47,2271.22
Growth Fund,MSFT,287,858.44,718.59
Income Fund,AAPL,223,1183.9,1579.91
Balanced Fund,META,236,2437.61,3046.24
Income Fund,GOOGL,163,954.71,1382.3
Growth Fund,AMZN,329,2729.13,3687.38
Income Fund,ADBE,98,2477.41,3377.64
Tech Fund,META,269,3250.58,3022.99
Tech Fund,NVDA,392,114.99,127.57
Tech Fund,NVDA,56,3208.49,4461.33
Income Fund,TSLA,356,824.42,676.12
Balanced Fund,GOOGL,367,85.44,84.36
Balanced Fund,GOOGL,427,128.75,176.91
Balanced Fund,BABA,360,2901.5,3418.73
Balanced Fund,NVDA,60,1279.21,1191.25
Balanced Fund,NFLX,402,998.91,893.97
Growth Fund,TSLA,414,2438.96,2170.51
Growth Fund,TSLA,257,2552.27,3378.17
Growth Fund,BABA,330,770.24,938.97
Income Fund,AAPL,382,3299.16,4072.86
Growth Fund,AAPL,233,3350.2,3606.71
Balanced Fund,NFLX,274,599.13,601.03
Growth Fund,META,274,524.37,519.41
Growth Fund,AAPL,171,193.4,270.21
Balanced Fund,BABA,219,2365.8,2600.67
Income Fund,META,118,2204.02,1770.37
Income Fund,AMZN,290,285.27,279.1
Growth Fund,AMZN,158,2084.32,2468.24
Income Fund,NVDA,383,957.26,999.18
Balanced Fund,NFLX,4,2463.69,2975.33
Growth Fund,NFLX,500,1006.58,1242.03
Growth Fund,NFLX,300,3499.96,4773.21
Tech Fund,BABA,251,688.5,667.75
Growth Fund,MSFT,176,995.36,1166.95
Tech Fund,NVDA,74,1497.22,1216.87
Growth Fund,ADBE,344,2575.67,2944.87
Income Fund,ADBE,308,2581.38,2994.9
Income Fund,BABA,277,533.66,744.99
Tech Fund,NVDA,400,296.36,434.33
Tech Fund,AAPL,268,2352.7,3162.24
Balanced Fund,MSFT,411,599.99,516.06
Tech Fund,GOOGL,215,3233.5,3741.68
Tech Fund,TSLA,410,2121.49,2167.72
Growth Fund,MSFT,356,1340.48,1173.15
Tech Fund,AAPL,222,2179.5,2877.27
Growth Fund,ADBE,282,1951.77,2193.74
Balanced Fund,META,325,2221.8,2303.06
Balanced Fund,MSFT,210,917.71,1291.32
Tech Fund,AAPL,109,2231.67,2947.61
Income Fund,TSLA,433,2059.9,2431.74
Growth Fund,META,331,1156.39,1079.29
Income Fund,AMZN,478,1284.17,1481.84
Growth Fund,GOOGL,142,58.17,83.55
Tech Fund,NFLX,184,188.59,236.88
Income Fund,BABA,109,551.34,514.58
Tech Fund,GOOGL,468,1445.95,1888.52
Income Fund,NVDA,409,3499.63,3211.88
Balanced Fund,NVDA,144,1158.35,948.37
Income Fund,BABA,143,3213.02,4375.82
Income Fund,META,365,1563.94,1605.43
Income Fund,ADBE,194,440.17,476.42
Tech Fund,AAPL,187,2390.72,2190.26
Balanced Fund,AMZN,51,2548.17,2499.98
Growth Fund,BABA,78,1010.27,1061.63
Income Fund,ADBE,186,2687.16,4004.58
Growth Fund,META,433,3001.06,3016.6
Tech Fund,META,166,1250.3,1297.88
Growth Fund,ADBE,261,2202.65,2088.37
Growth Fund,META,344,248.93,350.51
Growth Fund,ADBE,485,1313.07,1365.99
Balanced Fund,BABA,366,2283.66,1860.4
Income Fund,BABA,154,536.92,636.84
Income Fund,NFLX,261,1045.96,1326.82
Tech Fund,NFLX,264,2156.36,2047.82
Tech Fund,AMZN,485,1379.82,1476.85
Income Fund,NVDA,472,192.65,269.79
Income Fund,GOOGL,222,89.49,133.95
Tech Fund,ADBE,112,2890.71,3512.15
Growth Fund,AAPL,374,3008.98,3550.51
Income Fund,AAPL,358,1957.27,2035.12
Growth Fund,GOOGL,104,1596.27,1747.71
Growth Fund,BABA,165,1916.18,1582.36
Tech Fund,NVDA,414,1614.66,1643.3
Income Fund,AMZN,268,195.64,195.81
Tech Fund,BABA,394,1963.26,1932.18
Growth Fund,META,61,1059.52,1118.23
Growth Fund,TSLA,163,3133.31,4505.74
Balanced Fund,AMZN,339,379.46,375.52
Tech Fund,META,470,2935.95,2698.49
Balanced Fund,NVDA,62,1940.94,2650.47
Balanced Fund,ADBE,149,746.81,923.25
Balanced Fund,NVDA,456,712.32,808.1
Growth Fund,MSFT,290,1737.23,1585.64
Growth Fund,NFLX,283,2992.53,3567.72
Balanced Fund,META,419,3454.54,4924.22
Income Fund,BABA,337,2999.3,3078.7
Balanced Fund,TSLA,47,3472.7,4421.29
Growth Fund,ADBE,349,1359.47,1269.32
Growth Fund,META,314,2594.15,2159.64
Tech Fund,MSFT,352,1132.91,1544.19
Growth Fund,MSFT,52,2573.68,3557.56
Income Fund,AAPL,440,2133.17,3133.4
Balanced Fund,NVDA,108,2505.16,2075.02
Balanced Fund,MSFT,60,2535.28,2638.06
Balanced Fund,MSFT,355,153.78,174.68
Balanced Fund,NFLX,100,3272.42,2627.08
Growth Fund,TSLA,110,2785.25,3029.24
Growth Fund,MSFT,182,1492.1,2014.01
Growth Fund,ADBE,214,572.44,827.23
Income Fund,META,481,748.29,904.47
Income Fund,NVDA,71,1723.51,1462.11
Growth Fund,META,201,2295.84,2470.21
Balanced Fund,META,500,3323.84,4116.83
Growth Fund,NVDA,129,1751.09,1485.21
Growth Fund,NVDA,475,1042.3,1529.06
Growth Fund,ADBE,402,243.94,351.15
Tech Fund,NVDA,201,1269.98,1424.34
Tech Fund,ADBE,457,1677.07,1774.74
Growth Fund,AMZN,269,1176.48,1212.06
Growth Fund,META,7,2481.72,2020.01
Income Fund,MSFT,314,1735.24,2391.77
Tech Fund,AAPL,18,2565.15,2675.87
Growth Fund,META,57,2777.67,3654.16
Income Fund,BABA,334,528.76,502.71
Balanced Fund,GOOGL,39,2859.09,4108.38
Balanced Fund,TSLA,105,2332.32,2699.13
Income Fund,BABA,494,985.34,1245.52
Income Fund,AAPL,357,1668.15,1495.62
Balanced Fund,AAPL,476,1482.09,1954.08
Balanced Fund,TSLA,417,397.63,543.88
Income Fund,NVDA,422,3192.11,2896.11
Tech Fund,META,238,697.8,648.62
Growth Fund,ADBE,95,1882.24,2239.87
Tech Fund,GOOGL,73,2616.43,3846.01
Tech Fund,GOOGL,57,1444.0,1451.98
Tech Fund,META,186,1088.85,1402.58
Tech Fund,NFLX,103,2884.87,2481.23
Tech Fund,AAPL,86,2600.17,3522.75
Income Fund,AMZN,490,1271.94,1682.23
Income Fund,TSLA,289,2506.25,2720.08
Growth Fund,BABA,110,897.42,1071.84
Income Fund,AAPL,152,2268.27,3389.39
Tech Fund,ADBE,129,1115.62,1220.57
Growth Fund,AMZN,423,1835.26,2600.64
Income Fund,AAPL,167,617.37,643.25
Income Fund,NFLX,376,324.6,440.31
Income Fund,TSLA,449,3278.52,2876.52
Tech Fund,ADBE,308,3230.33,4007.39
Income Fund,BABA,460,1692.1,1503.32
Tech Fund,ADBE,256,1550.99,1719.81
Income Fund,AMZN,434,1395.27,1439.88
Tech Fund,NVDA,378,2678.42,3070.09
Balanced Fund,META,138,2075.32,2810.68
Balanced Fund,GOOGL,263,1586.01,1599.66
Income Fund,TSLA,206,1379.02,1771.48
Tech Fund,BABA,114,338.49,279.24
Income Fund,TSLA,478,386.7,431.93
Income Fund,ADBE,207,2939.71,3552.4
Balanced Fund,GOOGL,307,1811.69,2116.51
Growth Fund,BABA,456,798.41,1001.02
Income Fund,ADBE,219,1999.05,1637.68
Tech Fund,MSFT,62,2038.35,2049.95
Tech Fund,MSFT,466,685.72,906.44
Balanced Fund,AAPL,321,2341.12,2020.26
Income Fund,BABA,438,1969.94,2055.63
Income Fund,NVDA,377,1684.12,1642.31
Balanced Fund,NVDA,330,1343.4,1440.47
Income Fund,BABA,351,1565.23,1915.11
Tech Fund,AAPL,392,1642.94,1336.48
Tech Fund,ADBE,213,637.63,694.27
Income Fund,AAPL,162,2347.08,2841.82
Balanced Fund,GOOGL,434,1902.88,1897.14
Growth Fund,BABA,45,449.54,528.91
Balanced Fund,NFLX,357,217.02,280.75
Tech Fund,META,144,2950.31,2809.68
Balanced Fund,MSFT,335,2821.63,2484.82
Balanced Fund,NVDA,83,2128.03,2348.41
Income Fund,META,275,706.81,791.0
Balanced Fund,AAPL,58,3312.26,2774.51
Growth Fund,ADBE,338,659.57,917.62
Income Fund,NVDA,74,2581.95,2713.56
Balanced Fund,MSFT,449,156.32,196.83
Growth Fund,AAPL,31,1101.83,1229.49
Growth Fund,NFLX,61,1329.15,1617.71
Balanced Fund,GOOGL,71,1515.7,1643.68
Growth Fund,META,457,2012.76,2446.3
Balanced Fund,META,234,1007.09,1001.21
Balanced Fund,META,72,2286.34,2512.48
Income Fund,ADBE,394,3095.32,3661.29
Balanced Fund,NFLX,446,3451.29,3848.9
Tech Fund,TSLA,407,2822.56,2862.72
Growth Fund,NFLX,225,1692.62,1620.2
Tech Fund,NVDA,84,1256.71,1434.39
Tech Fund,NVDA,115,1125.68,1136.8
Balanced Fund,AAPL,434,1997.36,2068.48
Growth Fund,GOOGL,116,1390.0,1272.68
Tech Fund,ADBE,34,1293.04,1356.09
Balanced Fund,BABA,42,1321.21,1208.85
Growth Fund,ADBE,413,2146.4,2644.29
Growth Fund,ADBE,42,1380.45,1370.94
Growth Fund,META,364,1382.05,1373.65
Income Fund,AMZN,422,2920.62,2809.78
Tech Fund,NVDA,262,2757.8,3252.75
Balanced Fund,TSLA,334,1682.58,1502.35
Income Fund,MSFT,109,2985.71,2911.29
Tech Fund,NVDA,447,1606.52,2039.99
Growth Fund,GOOGL,353,1736.56,2475.4
Balanced Fund,META,17,2852.31,3036.21
Balanced Fund,META,144,1739.1,2038.26
Growth Fund,META,386,1528.52,2272.49
Tech Fund,BABA,453,1761.26,1842.43
Income Fund,BABA,85,2346.76,3307.29
Balanced Fund,GOOGL,337,2623.17,2950.2
Income Fund,AAPL,64,3125.67,3185.23
Tech Fund,ADBE,410,2120.92,1792.81
Income Fund,NFLX,355,1816.27,2280.34
Income Fund,NFLX,396,3038.07,2565.9
Income Fund,AAPL,425,2829.87,3677.2
Tech Fund,AMZN,37,2828.32,2763.01
Tech Fund,NFLX,236,1128.38,1120.32
Growth Fund,GOOGL,427,1810.53,2621.28
Balanced Fund,ADBE,4,3320.81,4683.01
Income Fund,MSFT,58,1932.09,2614.04
Growth Fund,ADBE,28,1095.95,1001.68
Tech Fund,GOOGL,21,461.29,520.53
Income Fund,MSFT,34,1038.07,1028.85
Tech Fund,GOOGL,140,2130.1,1873.89
Income Fund,AMZN,233,1383.44,1349.84
Balanced Fund,MSFT,229,1208.79,1302.13
Balanced Fund,ADBE,159,2745.5,2219.65
Income Fund,ADBE,352,2542.59,2593.23
Tech Fund,GOOGL,42,3497.0,3686.4
Income Fund,NFLX,88,2571.9,2692.06
Income Fund,MSFT,331,1540.61,1377.97
Growth Fund,NFLX,237,3470.25,4825.14
Growth Fund,MSFT,231,2877.58,3623.99
Income Fund,NFLX,468,1800.92,2389.99
Tech Fund,NFLX,96,793.44,1171.1
Balanced Fund,TSLA,213,3483.81,3054.77
Balanced Fund,NFLX,449,424.2,585.37
Income Fund,ADBE,443,1388.81,1741.31
Tech Fund,TSLA,318,1709.9,2035.96
Balanced Fund,MSFT,180,197.1,240.49
Tech Fund,AAPL,235,1255.28,1847.37
Balanced Fund,GOOGL,324,3146.83,4245.79
Income Fund,AAPL,434,2176.54,1889.49
Balanced Fund,BABA,203,1195.55,1203.85
Income Fund,MSFT,286,617.56,638.41
Income Fund,AAPL,68,1174.36,1506.78
Growth Fund,ADBE,179,695.65,595.17
Tech Fund,AMZN,302,623.61,675.21
Income Fund,NVDA,480,826.12,1214.91
Income Fund,NFLX,133,3423.21,3128.41
Growth Fund,AMZN,347,288.87,320.18
Growth Fund,NFLX,27,3312.34,3173.45
Growth Fund,NVDA,215,199.86,249.37
Tech Fund,NFLX,471,1454.45,1494.18
Growth Fund,GOOGL,68,2559.77,3002.92
Income Fund,NFLX,85,3425.37,2950.08
Tech Fund,NVDA,258,2811.57,4082.85
Income Fund,NFLX,383,533.35,604.46
Income Fund,AAPL,80,965.04,986.77
Balanced Fund,NVDA,85,3084.95,4377.39
Income Fund,MSFT,429,710.84,1023.1
Growth Fund,AMZN,168,1093.66,1531.8
Income Fund,ADBE,272,1175.51,1214.38
Balanced Fund,TSLA,36,1212.12,1584.85
Balanced Fund,MSFT,338,817.59,759.39
Balanced Fund,AAPL,319,1648.03,1613.64
Growth Fund,BABA,49,1117.42,993.67
Growth Fund,MSFT,341,774.35,684.85
Tech Fund,MSFT,452,2048.44,1680.45
Balanced Fund,ADBE,298,633.57,774.69
Balanced Fund,BABA,8,2909.75,2849.95
Income Fund,AAPL,35,2877.43,2974.59
Balanced Fund,ADBE,23,678.22,941.06
Growth Fund,MSFT,169,1712.95,1766.48
Growth Fund,MSFT,313,2718.57,3417.1
Growth Fund,GOOGL,240,1968.17,1985.55
Tech Fund,NVDA,6,193.08,223.73
Balanced Fund,TSLA,331,814.83,770.42
Income Fund,AMZN,54,859.64,1066.28
Growth Fund,NFLX,63,966.73,1317.42
Tech Fund,META,131,1443.9,2105.11
Tech Fund,BABA,249,152.99,136.87
Growth Fund,ADBE,129,3412.45,4539.0
Income Fund,NVDA,431,1469.73,1598.46
Growth Fund,META,436,2964.24,3668.25
Growth Fund,GOOGL,193,940.77,1350.24
Growth Fund,NVDA,175,385.46,344.58
Growth Fund,BABA,500,278.66,283.27
Balanced Fund,GOOGL,150,2025.08,2449.68
Balanced Fund,TSLA,460,1442.13,1567.12
Income Fund,MSFT,434,1699.44,2519.79
Tech Fund,AMZN,16,2522.65,3124.98
Income Fund,MSFT,74,3167.91,3446.99
Balanced Fund,BABA,235,1461.31,1786.53
Income Fund,MSFT,262,239.92,244.96
Growth Fund,META,213,3040.5,2518.48
Tech Fund,AMZN,159,1453.35,1404.45
Balanced Fund,BABA,214,1399.33,1707.12
Balanced Fund,ADBE,62,1645.52,2350.38
Growth Fund,BABA,181,2472.49,3531.06
Tech Fund,BABA,223,2459.97,3360.87
Income Fund,BABA,257,3236.71,4186.79
Tech Fund,ADBE,317,197.77,248.16
Income Fund,NVDA,178,2613.99,3494.41
Balanced Fund,MSFT,344,1138.08,1135.6
Growth Fund,ADBE,40,1013.99,1494.05
Tech Fund,MSFT,140,1702.72,2291.4
Tech Fund,NVDA,84,2160.1,1800.02
Tech Fund,TSLA,128,1850.75,1634.89
Income Fund,MSFT,330,3219.8,3543.41
Income Fund,BABA,157,1796.5,1665.11
Tech Fund,AMZN,255,1128.73,1338.27
Growth Fund,META,454,221.71,278.52
Balanced Fund,TSLA,360,2964.33,4312.81
Balanced Fund,AMZN,329,281.02,280.33
Income Fund,BABA,317,1009.02,1240.99
Growth Fund,BABA,265,2415.67,2023.28
Balanced Fund,AAPL,297,1203.49,1176.91
Tech Fund,ADBE,364,1092.23,1314.49
Tech Fund,NVDA,405,762.09,852.68
Growth Fund,TSLA,81,3328.22,4822.84
Growth Fund,ADBE,106,2731.19,2298.63
Income Fund,ADBE,179,3283.14,3605.92
Tech Fund,NVDA,208,3161.32,4553.83
Balanced Fund,AMZN,96,2929.88,3541.49
Balanced Fund,MSFT,33,3090.12,2645.34
Tech Fund,BABA,490,2583.47,3017.16
Tech Fund,BABA,83,2507.03,3464.71
Tech Fund,NFLX,94,107.88,128.63
Income Fund,BABA,259,1530.21,1974.36
Growth Fund,ADBE,362,3310.29,3004.81
Growth Fund,NFLX,189,1950.15,2873.21
Income Fund,NVDA,463,1433.89,1850.12
Tech Fund,ADBE,40,1790.01,1597.84
Growth Fund,AMZN,155,1847.3,2091.55
Income Fund,BABA,253,2579.77,2326.89
Income Fund,NFLX,108,383.19,500.23
Income Fund,META,498,489.52,544.31
Growth Fund,MSFT,317,2040.58,2500.99
Income Fund,NFLX,4,712.28,1026.64
Balanced Fund,MSFT,471,2092.12,2829.42
Income Fund,AMZN,212,742.05,960.7
Income Fund,AMZN,289,759.6,862.91
Growth Fund,NFLX,99,1883.05,2611.44
Balanced Fund,TSLA,212,226.85,303.97
Growth Fund,ADBE,500,3465.05,3060.9
Tech Fund,GOOGL,50,1154.25,966.69
Tech Fund,NVDA,211,3174.97,3040.2
Growth Fund,GOOGL,330,3122.96,3929.06
Growth Fund,ADBE,141,3030.0,3989.91
Balanced Fund,META,160,1785.16,2369.37
Tech Fund,NVDA,38,527.27,707.99
Tech Fund,AAPL,144,3240.39,3814.65
Income Fund,BABA,442,2319.73,3028.25
Growth Fund,BABA,193,2823.82,3018.31
Income Fund,AMZN,44,336.93,289.29
Growth Fund,NFLX,10,1447.94,1477.97
Growth Fund,AAPL,449,2998.15,3647.3
Balanced Fund,BABA,165,348.03,473.7
Tech Fund,NFLX,97,990.49,1060.19
Income Fund,AAPL,361,2173.54,2907.79
Tech Fund,AMZN,289,1578.62,1616.32
Growth Fund,ADBE,112,1982.94,1748.29
Growth Fund,MSFT,341,1479.09,2162.12
Tech Fund,ADBE,289,340.63,340.42
Growth Fund,AMZN,476,2674.61,3740.66
Growth Fund,ADBE,139,3405.48,4390.68
Tech Fund,NVDA,214,673.79,983.26
Growth Fund,NFLX,53,1389.66,1322.5
Tech Fund,NFLX,304,1428.75,1965.29
Balanced Fund,AMZN,476,2473.12,2591.9
Tech Fund,NVDA,215,2964.11,3074.05
Income Fund,AMZN,3,623.3,825.46
Balanced Fund,TSLA,310,1794.87,1974.82
Tech Fund,MSFT,491,3176.6,4627.97
Growth Fund,META,16,747.61,758.65
Income Fund,MSFT,15,2598.16,2639.59
Balanced Fund,ADBE,418,2147.0,3105.05
Tech Fund,NFLX,206,3234.64,2795.44
Growth Fund,NFLX,124,2290.4,3119.65
Balanced Fund,ADBE,455,1932.5,2757.15
Balanced Fund,NFLX,439,468.27,444.33
Balanced Fund,TSLA,47,3179.51,3229.03
Balanced Fund,NFLX,245,810.38,1019.79
Balanced Fund,NVDA,39,1244.6,1439.92
Income Fund,TSLA,398,2752.19,2903.78
Income Fund,AMZN,253,353.17,450.34
Balanced Fund,AMZN,45,2996.09,3854.4
Income Fund,ADBE,406,103.85,148.5
Growth Fund,BABA,230,282.67,343.28
Growth Fund,GOOGL,303,2190.07,2924.3
Income Fund,NVDA,360,926.41,795.4
Balanced Fund,AMZN,330,685.25,919.85
Tech Fund,AMZN,439,2322.3,2740.69
Balanced Fund,AMZN,302,3479.7,4868.36
Income Fund,TSLA,65,1042.84,1470.09
Income Fund,TSLA,390,1747.23,1952.74
Tech Fund,META,422,870.14,1298.9
Tech Fund,TSLA,109,322.47,456.49
Balanced Fund,AMZN,403,1147.74,1326.37
Growth Fund,AMZN,362,2112.1,2962.76
Income Fund,GOOGL,36,1938.93,2328.29
Balanced Fund,BABA,234,1243.02,1587.51
Balanced Fund,NFLX,234,3064.91,3977.84
Balanced Fund,META,72,2550.11,2491.66
Growth Fund,TSLA,500,3462.1,3257.43
Income Fund,TSLA,102,466.95,611.85
Growth Fund,ADBE,409,636.23,618.5
Growth Fund,TSLA,445,1688.67,2182.17
Balanced Fund,NVDA,413,427.51,563.8
Income Fund,NVDA,191,1459.07,2059.3
Growth Fund,NFLX,468,943.17,1076.64
Balanced Fund,BABA,129,571.77,671.72
Income Fund,GOOGL,308,231.38,189.18
Tech Fund,NFLX,4,2108.68,1939.13
Income Fund,BABA,73,2972.17,3883.28
Growth Fund,BABA,264,1188.11,1437.55
Growth Fund,MSFT,17,3242.09,3266.4
Tech Fund,BABA,467,2133.77,1809.77
Growth Fund,AAPL,459,2976.57,3483.26
Growth Fund,MSFT,101,432.13,514.16
Growth Fund,ADBE,438,693.4,945.75
Balanced Fund,TSLA,355,184.16,268.84
Income Fund,ADBE,437,1575.9,1539.15
Growth Fund,ADBE,288,1820.57,2367.59
Income Fund,GOOGL,262,1642.69,1936.62
Tech Fund,BABA,150,783.24,1073.13
Income Fund,BABA,215,2533.76,2300.92
Growth Fund,META,50,2300.74,3029.19
Income Fund,AMZN,421,51.48,49.75
Income Fund,ADBE,116,3028.29,2683.16
Balanced Fund,AMZN,234,2505.2,2295.05
Income Fund,AMZN,99,2122.64,2164.33
Growth Fund,ADBE,290,1379.37,1771.32
Income Fund,BABA,387,1640.79,1985.59
Income Fund,TSLA,281,2199.98,2103.92
Income Fund,BABA,470,3151.98,4218.27
Tech Fund,TSLA,174,987.56,1107.39
Growth Fund,NVDA,474,2568.6,2873.89
Growth Fund,NFLX,419,978.12,1243.56
Income Fund,GOOGL,448,3386.52,4464.79
Balanced Fund,GOOGL,110,1198.65,1710.15
Balanced Fund,TSLA,194,1032.02,1138.85
Income Fund,NVDA,248,2103.4,2308.37
Balanced Fund,BABA,226,2361.77,2835.71
Tech Fund,GOOGL,497,2422.89,1953.99
Balanced Fund,AMZN,178,760.21,695.0
Balanced Fund,META,479,972.3,1063.3
Income Fund,BABA,4,3065.44,4269.76
Growth Fund,MSFT,114,2668.22,3735.03
Tech Fund,MSFT,488,1108.35,1252.31
Growth Fund,BABA,451,3111.36,2491.72
Growth Fund,ADBE,61,2105.07,2368.0
Tech Fund,ADBE,49,2242.07,2639.02
Growth Fund,ADBE,35,2687.9,3762.42
Tech Fund,ADBE,220,2583.85,3071.51
Growth Fund,TSLA,241,682.34,863.52
Tech Fund,AMZN,209,2878.61,3253.41
Growth Fund,GOOGL,408,300.86,286.82
Tech Fund,TSLA,154,538.0,535.69
Tech Fund,NVDA,492,1046.78,921.37
Income Fund,MSFT,369,1795.24,2538.82
Tech Fund,NFLX,396,1760.73,2401.29
Income Fund,GOOGL,77,3360.76,3821.9
Balanced Fund,NFLX,113,1722.92,1925.17
Tech Fund,ADBE,286,2994.36,3134.0
Growth Fund,MSFT,497,2220.13,3182.33
Growth Fund,MSFT,421,2314.83,2823.01
Growth Fund,AMZN,110,2771.44,2938.04
Balanced Fund,AMZN,177,1830.69,1904.17
Growth Fund,ADBE,285,2933.35,3510.13
Income Fund,META,393,520.52,526.81
Balanced Fund,GOOGL,156,2439.38,2183.2
Growth Fund,BABA,264,2731.99,2343.47
Income Fund,BABA,16,1213.54,1452.19
Tech Fund,NVDA,482,1859.84,2618.97
Income Fund,BABA,395,631.21,789.9
Tech Fund,NVDA,58,653.88,640.97
Income Fund,BABA,435,2626.37,3125.51
Balanced Fund,META,333,2530.8,3585.17
Income Fund,BABA,452,1608.33,2246.81
Balanced Fund,GOOGL,153,3193.2,3289.14
Growth Fund,BABA,323,2477.21,3602.35
Tech Fund,BABA,347,3260.88,3750.53
Tech Fund,AAPL,220,1377.36,1211.71
Tech Fund,NVDA,426,1635.08,1704.02
Tech Fund,AMZN,477,482.21,503.52
Tech Fund,META,316,449.94,458.3
Growth Fund,NFLX,84,1233.75,1293.33
Balanced Fund,GOOGL,253,423.69,352.87
Tech Fund,MSFT,262,359.2,485.21
Income Fund,MSFT,57,2592.74,3351.71
Growth Fund,AMZN,1,1116.1,1209.21
Tech Fund,NFLX,123,950.9,1346.49
Income Fund,TSLA,158,3277.76,2671.34
Growth Fund,ADBE,478,1787.32,2136.34
Growth Fund,META,304,694.87,750.58
Income Fund,BABA,2,1161.99,1646.27
Tech Fund,NVDA,13,1057.01,1437.62
Growth Fund,NVDA,331,2314.9,2049.01
Income Fund,ADBE,59,2936.73,3146.12
Balanced Fund,BABA,415,963.09,986.29
Balanced Fund,META,18,1808.95,1601.46
Income Fund,ADBE,270,3292.55,4738.92
Tech Fund,GOOGL,388,1680.62,2270.71
Balanced Fund,META,193,2566.97,2332.78
Tech Fund,GOOGL,478,765.33,722.17
Growth Fund,BABA,297,2994.75,3659.51
Tech Fund,BABA,276,2863.73,3200.99
Balanced Fund,NFLX,385,715.11,800.22
Income Fund,AAPL,352,1984.85,2108.31
Growth Fund,GOOGL,51,2771.71,2439.34
Balanced Fund,GOOGL,48,403.55,464.73
Balanced Fund,AMZN,350,1826.68,2136.36
Tech Fund,BABA,62,1408.06,1373.37
Balanced Fund,MSFT,122,971.47,1192.51
Balanced Fund,META,314,558.05,823.1
Growth Fund,GOOGL,395,2220.45,2787.06
Growth Fund,NVDA,286,669.2,719.98
Balanced Fund,ADBE,59,511.22,573.49
Growth Fund,BABA,208,213.98,244.81
Income Fund,MSFT,492,1573.16,1557.83
Growth Fund,BABA,121,1659.44,1672.45
Income Fund,ADBE,350,984.71,1241.19
Tech Fund,BABA,459,1314.45,1124.7
Balanced Fund,BABA,303,839.54,1019.56
Growth Fund,GOOGL,210,186.21,246.13
Tech Fund,BABA,133,3438.22,3090.0
Income Fund,ADBE,146,1683.92,2193.6
Tech Fund,MSFT,365,1412.24,1226.99
Tech Fund,META,80,1547.09,2224.14
Tech Fund,AMZN,162,1824.16,2088.58
Tech Fund,MSFT,280,3235.22,3090.1
Growth Fund,META,224,2820.7,3411.33
Balanced Fund,BABA,111,693.43,615.93
Income Fund,MSFT,447,1457.33,1860.54
Tech Fund,NFLX,14,2442.53,3265.56
Income Fund,ADBE,396,1993.23,1870.95
Growth Fund,NFLX,111,1234.32,1624.84
Balanced Fund,GOOGL,267,314.74,470.46
Tech Fund,MSFT,65,131.63,158.66
Balanced Fund,ADBE,231,2126.52,2189.54
Growth Fund,GOOGL,163,1976.36,2807.92
Tech Fund,NFLX,101,708.37,664.59
Income Fund,GOOGL,411,2392.36,2004.84
Income Fund,NVDA,495,1188.87,1075.61
Growth Fund,BABA,124,2579.69,2611.88
Income Fund,AMZN,362,2825.47,2466.87
Balanced Fund,TSLA,194,502.7,693.07
Growth Fund,META,120,1480.74,1886.44
Income Fund,TSLA,415,2098.58,1731.97
Growth Fund,NFLX,186,1025.02,973.81
Growth Fund,NFLX,73,3419.92,2991.48
Growth Fund,AMZN,21,1084.13,1263.91
Tech Fund,GOOGL,102,2724.09,4039.38
Growth Fund,GOOGL,455,1412.6,2053.31
Growth Fund,MSFT,322,1940.51,2059.93
Tech Fund,ADBE,261,1931.74,2512.96
Income Fund,BABA,313,2612.4,2953.55
Income Fund,NVDA,449,1720.02,1887.66
Growth Fund,META,8,3296.73,4444.21
Balanced Fund,GOOGL,185,88.7,73.15
Growth Fund,ADBE,313,1590.21,1457.74
Growth Fund,GOOGL,479,2616.83,2136.75
Balanced Fund,AMZN,480,2809.66,3745.93
Growth Fund,TSLA,494,1714.28,1591.96
Income Fund,TSLA,312,2849.23,4123.91
Tech Fund,TSLA,498,1734.79,1575.73
Income Fund,BABA,185,215.84,227.06
Balanced Fund,AAPL,481,2173.09,2115.07
Income Fund,NVDA,70,1616.88,1919.2
Income Fund,META,478,1026.97,1058.58
Balanced Fund,AMZN,491,2151.11,3082.11
Income Fund,BABA,25,3427.85,2800.5
Balanced Fund,MSFT,172,1525.8,1651.88
Tech Fund,GOOGL,416,581.34,478.51
Income Fund,MSFT,340,1579.56,2125.0
Tech Fund,TSLA,429,2136.44,2061.91
Tech Fund,META,340,708.82,973.12
Tech Fund,MSFT,202,2493.53,3049.38
Growth Fund,BABA,220,1477.26,1391.77
Balanced Fund,NFLX,381,455.3,520.6
Balanced Fund,NVDA,296,715.22,633.23
Tech Fund,AMZN,392,3166.69,4407.74
Income Fund,AMZN,422,279.44,342.53
Tech Fund,AMZN,314,279.23,377.27
Income Fund,TSLA,290,3354.93,2895.55
Income Fund,ADBE,63,1191.07,1251.35
Tech Fund,MSFT,399,3210.15,3378.94
Balanced Fund,GOOGL,70,692.39,838.37
Growth Fund,AMZN,74,1122.31,1234.28
Tech Fund,AMZN,405,2482.82,2401.38
Tech Fund,META,314,1505.82,1322.41
Growth Fund,AAPL,330,1724.23,2381.96
Growth Fund,MSFT,350,3322.89,3399.06
Tech Fund,BABA,426,1768.29,1619.7
Balanced Fund,NVDA,264,2640.09,3020.8
Balanced Fund,MSFT,97,871.64,1159.95
Balanced Fund,AMZN,324,3295.6,4882.65
Income Fund,BABA,375,2360.37,2019.46
Balanced Fund,AMZN,182,816.08,844.93
Income Fund,META,397,911.07,1326.37
Income Fund,GOOGL,269,361.18,397.85
Tech Fund,AMZN,464,1410.33,1853.29
Income Fund,META,490,1958.29,1854.96
Growth Fund,ADBE,424,542.37,466.17
Balanced Fund,BABA,7,2618.25,2959.34
Balanced Fund,AMZN,2,322.38,362.59
Balanced Fund,BABA,122,3204.67,4182.03
Income Fund,AMZN,410,1984.26,2336.15
Growth Fund,NFLX,221,614.29,640.08
Income Fund,AMZN,237,2986.27,3643.79
Income Fund,AAPL,333,207.59,199.28
Balanced Fund,NFLX,489,2850.14,2998.15
Balanced Fund,GOOGL,106,1962.8,2752.24
Tech Fund,MSFT,93,2447.41,2917.12
Tech Fund,BABA,320,548.92,568.28
Balanced Fund,TSLA,282,3276.53,2747.18
Tech Fund,GOOGL,361,1035.51,1028.51
Balanced Fund,NFLX,269,1291.3,1107.69
Balanced Fund,TSLA,261,656.76,663.23
Growth Fund,META,472,2801.42,3879.09
Income Fund,META,6,1290.75,1183.06
Income Fund,BABA,377,1192.85,1264.12
Growth Fund,MSFT,211,1605.57,1659.78
Balanced Fund,META,3,2399.89,3036.06
Balanced Fund,MSFT,81,2445.19,2547.01
Income Fund,AMZN,430,1861.55,2107.31
Tech Fund,GOOGL,122,2181.15,2122.09
Growth Fund,ADBE,83,645.66,864.38
Balanced Fund,NFLX,121,2549.58,2200.23
Income Fund,NVDA,20,1903.94,2000.59
Tech Fund,AAPL,211,1822.06,2141.34
Growth Fund,TSLA,473,1007.68,1064.02
Growth Fund,BABA,473,3425.79,3732.77
Growth Fund,NVDA,199,255.36,218.22
Income Fund,MSFT,339,3448.82,2822.2
Balanced Fund,GOOGL,217,2641.94,3726.74
Balanced Fund,META,55,3402.8,4821.52
Income Fund,GOOGL,128,2763.8,2244.34
Tech Fund,META,335,1080.45,1025.55
Tech Fund,MSFT,349,1990.52,1997.64
Income Fund,NFLX,413,1358.38,1478.52
Tech Fund,ADBE,41,230.41,323.69
Balanced Fund,META,145,1141.08,1073.09
Growth Fund,BABA,348,3024.41,4525.79
Tech Fund,TSLA,245,153.33,222.62
Tech Fund,ADBE,462,885.58,1231.69
Balanced Fund,NFLX,141,1399.49,1558.15
Income Fund,META,80,3211.31,3442.94
Tech Fund,AAPL,125,2574.53,3193.36
Tech Fund,MSFT,420,2994.66,2769.87
Balanced Fund,AMZN,227,1388.03,1711.7
Growth Fund,AMZN,197,2354.01,3033.92
Growth Fund,BABA,361,2024.42,1638.71
Balanced Fund,META,331,2357.56,3520.06
Growth Fund,MSFT,401,1011.72,889.87
Tech Fund,TSLA,408,671.9,621.22
Income Fund,ADBE,462,893.95,1252.7
Tech Fund,GOOGL,174,3232.23,3180.22
Income Fund,ADBE,306,3373.94,3676.55
Tech Fund,META,306,173.15,164.71
Income Fund,NFLX,114,3193.15,4288.43
Income Fund,NVDA,231,1730.12,1534.25
Growth Fund,BABA,274,2073.85,2333.65
Income Fund,AMZN,307,1014.72,1408.61
Tech Fund,NVDA,230,961.6,1294.33
Income Fund,NFLX,472,3309.9,4095.45
Tech Fund,NFLX,65,2603.6,2105.56
Tech Fund,AAPL,136,1254.1,1296.49
Tech Fund,TSLA,447,3390.84,4139.14
Income Fund,AAPL,332,1631.24,1403.94
Income Fund,ADBE,188,3434.48,3710.85
Balanced Fund,TSLA,60,3296.85,4571.51
Tech Fund,AAPL,281,1911.04,1973.57
Growth Fund,AAPL,99,1955.62,2057.91
Tech Fund,NFLX,63,186.48,163.48
Growth Fund,META,79,73.0,96.42
Balanced Fund,BABA,377,2584.24,3648.2
Tech Fund,AAPL,301,2520.57,2757.18
Income Fund,NVDA,455,3438.42,4686.51
Balanced Fund,ADBE,474,271.55,235.06
Tech Fund,AMZN,442,2358.21,2306.12
Growth Fund,AAPL,328,1329.48,1257.89
Income Fund,MSFT,84,1142.44,1549.1
Balanced Fund,TSLA,112,2542.79,3532.68
Growth Fund,NFLX,155,650.82,910.69
Growth Fund,NVDA,450,1425.06,1141.41
Growth Fund,META,289,3183.61,3759.11
Balanced Fund,AAPL,270,2401.94,2551.99
Income Fund,AMZN,234,2563.47,2230.87
Income Fund,ADBE,430,2801.48,2730.12
Growth Fund,GOOGL,195,3067.06,3492.66
Tech Fund,META,298,3325.41,2703.93
Tech Fund,META,264,1202.13,1449.49
Income Fund,NFLX,236,3077.45,4173.99
Growth Fund,GOOGL,401,2706.07,3735.07
Balanced Fund,BABA,96,3385.49,4023.89
Tech Fund,MSFT,36,1169.93,1468.62
Income Fund,MSFT,343,1856.06,2047.7
Income Fund,META,257,2384.73,2198.32
Balanced Fund,NFLX,244,1632.28,1317.3
Balanced Fund,BABA,253,1309.2,1057.05
Income Fund,META,452,470.24,586.91
Balanced Fund,TSLA,261,3282.43,3156.14
Balanced Fund,NFLX,428,3012.47,3010.4
Growth Fund,BABA,335,2443.32,3247.42
Balanced Fund,AAPL,197,3453.34,2779.75
Balanced Fund,GOOGL,341,1035.99,1292.79
Income Fund,AAPL,36,316.0,442.09
Balanced Fund,NVDA,46,2963.76,4291.35
Tech Fund,AAPL,489,2810.9,2681.57
Growth Fund,NFLX,416,2646.73,2939.21
Growth Fund,AAPL,79,3339.88,2816.86
Tech Fund,NFLX,373,2685.31,2175.34
Growth Fund,NVDA,482,650.34,932.12
Balanced Fund,NVDA,92,295.95,384.36
Balanced Fund,MSFT,7,365.83,320.9
Income Fund,BABA,204,3140.91,3888.39
Tech Fund,TSLA,424,2219.46,2365.75
Growth Fund,ADBE,115,3014.3,4363.7
Income Fund,NVDA,392,2288.8,2536.77
Balanced Fund,AAPL,395,3186.21,4705.31
Tech Fund,ADBE,106,1504.6,1448.24
Income Fund,TSLA,469,727.1,987.63
Income Fund,TSLA,337,151.87,165.89
Growth Fund,NFLX,106,1001.32,1015.24
Balanced Fund,NFLX,353,3045.84,4018.71
Balanced Fund,TSLA,419,1319.47,1621.49
Tech Fund,BABA,454,3407.25,4788.76
Balanced Fund,BABA,94,765.77,832.63
Tech Fund,BABA,285,1752.89,2273.59
Balanced Fund,MSFT,203,464.51,381.91
Tech Fund,GOOGL,309,1649.58,2255.84
Growth Fund,AMZN,235,751.72,773.85
Growth Fund,META,433,252.6,359.14
Income Fund,ADBE,418,1677.81,1810.33
Balanced Fund,META,437,273.51,350.58
Income Fund,GOOGL,403,203.12,245.77
Tech Fund,MSFT,450,96.02,139.17
Income Fund,TSLA,34,3147.25,4199.95
Tech Fund,META,49,611.64,547.21
Income Fund,META,347,2023.84,2681.78
Balanced Fund,NFLX,430,344.39,418.79
Balanced Fund,ADBE,347,2233.35,2911.72
Income Fund,BABA,3,2938.58,4047.72
Growth Fund,GOOGL,83,3027.62,3288.94
Balanced Fund,MSFT,112,1218.81,1723.25
Balanced Fund,AMZN,138,1605.07,1392.77
Tech Fund,ADBE,279,2002.81,2398.3
Tech Fund,AAPL,324,531.3,698.75
Growth Fund,TSLA,5,263.32,250.83
Tech Fund,AMZN,41,1791.69,2031.35
Income Fund,TSLA,47,695.27,691.07
Tech Fund,BABA,128,531.13,683.06
Income Fund,GOOGL,65,1601.04,1796.95
Income Fund,GOOGL,169,2597.47,2923.4
Growth Fund,NFLX,212,3120.01,3207.19
Income Fund,GOOGL,361,284.86,397.45
Balanced Fund,BABA,442,1574.69,2318.62
Tech Fund,ADBE,320,3350.91,3011.55
Growth Fund,NFLX,232,2768.83,2966.78
Balanced Fund,ADBE,138,939.11,1049.18
Tech Fund,GOOGL,466,1768.51,2202.78
Growth Fund,META,317,2670.04,3668.27
Balanced Fund,MSFT,78,619.28,851.06
Growth Fund,TSLA,57,3039.1,3443.87
Tech Fund,TSLA,251,1908.6,1928.72
Growth Fund,GOOGL,204,782.12,880.4
Balanced Fund,AMZN,476,1336.99,1139.24
Balanced Fund,NVDA,88,323.13,481.64
Tech Fund,AMZN,118,3418.87,3676.3
Tech Fund,NVDA,98,644.28,705.34
Income Fund,ADBE,72,2941.43,3446.86
Tech Fund,MSFT,178,2821.93,3971.27
Balanced Fund,AMZN,281,3416.17,4129.4
Tech Fund,MSFT,495,3192.54,4131.83
Balanced Fund,AAPL,102,2381.13,2799.57
Growth Fund,MSFT,240,3038.9,3353.07
Income Fund,AAPL,235,95.6,102.98
Tech Fund,NVDA,461,2958.12,3758.44
Income Fund,MSFT,292,2109.12,2200.72
Income Fund,GOOGL,195,2477.6,3152.52
Tech Fund,META,98,1285.27,1687.18
Balanced Fund,MSFT,437,2918.11,3862.6
Income Fund,MSFT,69,428.03,451.22
Growth Fund,GOOGL,479,879.47,827.26
Tech Fund,TSLA,355,2262.86,2337.1
Growth Fund,META,177,549.2,669.28
Tech Fund,META,147,828.91,936.8
Income Fund,BABA,481,2329.52,2295.54
Balanced Fund,ADBE,454,1954.6,2523.64
Growth Fund,MSFT,151,1590.02,2372.72
Tech Fund,NFLX,265,2670.97,3696.36
Balanced Fund,META,426,686.39,639.39
Growth Fund,NVDA,203,2597.78,2974.32
Growth Fund,GOOGL,141,2209.88,2118.53
Income Fund,AAPL,395,970.33,1395.2
Growth Fund,AAPL,83,1260.17,1430.02
Income Fund,TSLA,409,1717.39,1770.8
Tech Fund,NFLX,239,1526.39,1934.14
Growth Fund,BABA,1,299.81,420.94
Growth Fund,AAPL,47,2093.18,2282.06
Tech Fund,AMZN,241,2777.81,3235.09
Growth Fund,NFLX,1,3361.38,4303.82
Income Fund,TSLA,425,3131.32,2904.69
Tech Fund,MSFT,299,3255.97,4584.34
Growth Fund,META,23,1337.17,1251.11
Income Fund,MSFT,130,2622.82,3648.03
Tech Fund,META,288,417.11,492.02
Balanced Fund,GOOGL,244,2417.41,1939.37
Income Fund,GOOGL,345,807.11,781.22
Growth Fund,AMZN,8,2926.82,4109.27
Income Fund,GOOGL,269,308.12,405.42
Balanced Fund,ADBE,411,1417.86,1335.78
Income Fund,NFLX,189,2330.31,3052.64
Growth Fund,NVDA,29,3265.99,4045.01
Growth Fund,GOOGL,489,1838.82,1790.5
Tech Fund,AAPL,445,3397.95,3229.57
Income Fund,TSLA,252,3091.88,4380.38
Growth Fund,BABA,122,844.52,1045.2
Balanced Fund,AMZN,437,3204.55,3095.2
Growth Fund,GOOGL,455,2632.91,3205.49
Income Fund,AMZN,113,1257.14,1008.33
Tech Fund,TSLA,430,2580.11,2948.44
Tech Fund,MSFT,305,1698.13,1660.39
Balanced Fund,META,201,1626.57,1435.14
Income Fund,AMZN,287,3091.99,3746.08
Tech Fund,BABA,41,2179.57,2019.78
Tech Fund,NVDA,404,3136.73,3073.04
Income Fund,META,240,1938.22,2748.19
Income Fund,GOOGL,261,1130.46,977.85
Growth Fund,ADBE,254,1739.35,1798.71
Balanced Fund,AMZN,366,2546.29,2201.55
Growth Fund,AAPL,6,2493.85,3174.09
Balanced Fund,GOOGL,399,221.13,320.75
Tech Fund,TSLA,290,1195.99,1677.74
Growth Fund,ADBE,448,1275.07,1519.12
Balanced Fund,AAPL,354,2875.53,2656.02
Balanced Fund,AMZN,245,2740.15,2513.52
Balanced Fund,AMZN,459,2519.1,3088.29
Tech Fund,GOOGL,310,79.02,86.92
Growth Fund,GOOGL,466,3482.43,3821.39
Growth Fund,AMZN,324,3166.58,4736.02
Growth Fund,META,207,1002.73,1407.39
Income Fund,NFLX,112,2132.45,2475.01
Balanced Fund,ADBE,423,706.64,643.11
Balanced Fund,ADBE,134,2476.94,2614.74
Tech Fund,AAPL,144,3367.99,2980.12
Growth Fund,TSLA,144,3364.47,4079.6
Balanced Fund,TSLA,346,1741.03,2157.32
Tech Fund,NVDA,11,463.0,440.82
Balanced Fund,TSLA,205,3236.18,4300.9
Tech Fund,META,71,2676.77,3922.16
Tech Fund,META,241,2848.22,3209.64
Income Fund,AMZN,389,185.73,186.46
Balanced Fund,GOOGL,277,746.1,786.61
Growth Fund,NVDA,146,3387.11,3375.68
Income Fund,GOOGL,212,686.44,570.59
Growth Fund,BABA,431,1366.3,1280.76
Income Fund,NFLX,91,1531.51,2150.69
Growth Fund,META,310,1302.78,1923.13
Income Fund,AAPL,34,3348.61,3801.99
Tech Fund,BABA,228,2005.18,2649.09
Income Fund,AAPL,444,1658.53,1559.97
Tech Fund,GOOGL,358,3009.83,2885.02
Balanced Fund,GOOGL,185,153.11,221.09
Balanced Fund,META,131,374.97,357.57
Income Fund,BABA,448,203.13,210.82
Income Fund,NVDA,469,3168.27,3990.13
Growth Fund,META,62,476.64,682.8
Tech Fund,TSLA,210,1686.36,1609.26
Income Fund,AAPL,380,3371.28,3690.96
Income Fund,TSLA,347,473.48,682.57
Growth Fund,TSLA,336,2442.63,2880.7
Growth Fund,BABA,209,2572.7,3261.97
Growth Fund,NFLX,274,1412.78,1763.96
Tech Fund,AAPL,226,2851.53,3377.49
Growth Fund,NVDA,325,2707.25,3584.9
Tech Fund,GOOGL,382,1915.47,1985.63
Balanced Fund,TSLA,396,3053.4,3141.47
Balanced Fund,TSLA,47,3492.12,4542.61
Income Fund,NFLX,475,1033.08,1266.18
Income Fund,NFLX,328,165.89,246.16
Growth Fund,TSLA,230,2716.08,2524.78
Income Fund,AAPL,199,3363.54,3859.09
Income Fund,MSFT,439,2982.69,3739.43
Growth Fund,AMZN,358,3265.55,2997.24
Growth Fund,MSFT,430,2361.29,2345.01
Tech Fund,AAPL,211,153.55,141.12
Income Fund,BABA,207,528.43,517.96
Balanced Fund,NFLX,370,588.57,691.12
Growth Fund,TSLA,230,3113.77,3251.65
Tech Fund,NFLX,418,2396.84,2540.7
Growth Fund,BABA,388,358.72,290.31
Balanced Fund,NVDA,266,2018.02,2293.42
Tech Fund,MSFT,342,499.81,603.95
Income Fund,TSLA,121,1500.15,1802.73
Balanced Fund,META,14,1918.77,2818.4
Balanced Fund,AAPL,338,1576.67,2107.59
Growth Fund,META,19,1105.2,1416.36
Growth Fund,NVDA,287,1471.58,1751.92
Income Fund,NFLX,8,1773.13,1760.65
Balanced Fund,AAPL,15,3017.98,3676.93
Income Fund,BABA,225,2424.41,2552.79
Tech Fund,AAPL,132,3469.79,3903.43
Tech Fund,AAPL,475,1925.42,2326.62
Tech Fund,TSLA,205,2777.23,2715.64
Balanced Fund,META,383,2568.33,3075.87
Growth Fund,NVDA,470,1031.99,1050.19
Growth Fund,AMZN,340,1307.6,1226.86
Tech Fund,NFLX,14,3224.91,4092.17
Tech Fund,MSFT,311,2245.39,2899.07
Income Fund,MSFT,156,434.9,459.72
Balanced Fund,NVDA,406,3188.91,3426.69
Income Fund,META,137,187.9,151.48
Tech Fund,TSLA,406,3329.38,2736.1
Growth Fund,TSLA,302,589.82,779.85
Growth Fund,MSFT,381,3337.7,3769.24
Income Fund,META,383,597.84,841.46
Balanced Fund,TSLA,251,1212.71,1717.51
Tech Fund,AMZN,277,504.26,403.53
Income Fund,GOOGL,446,2568.95,3484.09
Growth Fund,ADBE,271,2659.24,3768.16
Balanced Fund,NVDA,430,2264.78,3168.18
Balanced Fund,AAPL,3,1652.55,2202.5
Balanced Fund,MSFT,1,3072.36,3809.84
Income Fund,GOOGL,21,643.01,614.06
Income Fund,AAPL,300,956.61,1246.17
Growth Fund,GOOGL,15,1953.58,2706.7
Growth Fund,BABA,57,700.39,740.01
Income Fund,AAPL,459,2392.77,3355.33
Tech Fund,BABA,482,1473.77,1193.38
Income Fund,META,378,1323.45,1777.28
Income Fund,NFLX,152,753.0,805.03
Income Fund,BABA,88,124.68,137.8
Tech Fund,NVDA,97,2967.18,3248.71
Tech Fund,MSFT,63,1506.59,1865.44
Income Fund,MSFT,304,2137.29,2996.56
Balanced Fund,AMZN,394,2089.64,2158.59
Growth Fund,META,253,875.96,833.96
Income Fund,BABA,145,2760.01,3269.88
Balanced Fund,MSFT,99,981.53,1433.05
Growth Fund,ADBE,479,3265.05,4632.93
Tech Fund,MSFT,391,220.03,208.02
Income Fund,ADBE,348,1216.79,1743.66
Balanced Fund,BABA,441,800.09,1187.38
Growth Fund,ADBE,428,498.0,477.49
Balanced Fund,AAPL,393,697.01,757.33
Tech Fund,BABA,333,2837.23,3845.36
Balanced Fund,MSFT,263,1358.28,1100.17
Balanced Fund,TSLA,282,3159.16,2972.81
Growth Fund,AMZN,158,3390.41,4774.65
Growth Fund,META,461,1074.57,1123.18
Tech Fund,NVDA,82,611.24,815.4
Income Fund,AMZN,477,1388.01,1936.55
Growth Fund,AMZN,470,1508.55,1974.64
Income Fund,META,97,3454.15,4831.27
Tech Fund,NVDA,106,891.82,1120.93
Balanced Fund,MSFT,243,1177.45,1516.37
Tech Fund,AMZN,319,1741.79,1586.57
Growth Fund,ADBE,434,2491.93,2414.6
Tech Fund,NVDA,333,2479.18,3339.15
Growth Fund,GOOGL,413,470.03,651.39
Balanced Fund,NVDA,109,1430.47,1736.08
Balanced Fund,TSLA,398,2068.45,3075.34
Growth Fund,AMZN,312,1180.28,1264.64
Income Fund,NVDA,134,2047.17,2631.06
Growth Fund,TSLA,227,1807.12,2190.71
Income Fund,BABA,59,773.01,1003.54
Growth Fund,ADBE,39,2880.11,2399.91
Growth Fund,GOOGL,256,1824.77,2022.8
Income Fund,ADBE,253,1127.64,1546.41
Tech Fund,MSFT,204,2599.03,3122.83
Tech Fund,NFLX,24,1271.18,1706.51
Tech Fund,AAPL,286,1795.0,1510.52
Growth Fund,META,254,2395.33,3534.65
