Date,PortfolioName,Action,Asset,QuantityChange,ValueChange
2024-01-01,Growth Fund,Sell,AMZN,-20,5169.33
2024-01-02,Value Fund,Sell,AMZN,-73,11713.28
2024-01-03,Dividend Fund,Sell,MSFT,-77,19975.29
2024-01-04,Growth Fund,Buy,TSLA,71,33674.78
2024-01-05,Dividend Fund,Buy,AMZN,39,17370.56
2024-01-06,Growth Fund,Buy,TSLA,57,15414.87
2024-01-07,Value Fund,Sell,NFLX,-13,839.46
2024-01-08,Tech Fund,Sell,MSFT,-33,9821.41
2024-01-09,Growth Fund,Buy,META,51,9245.96
2024-01-10,Dividend Fund,Buy,NVDA,75,14208.37
2024-01-11,Value Fund,Buy,NFLX,83,23959.73
2024-01-12,Tech Fund,Sell,GOOG,-11,599.26
2024-01-13,Tech Fund,Sell,NFLX,-16,6851.21
2024-01-14,Value Fund,Sell,AAPL,-8,3813.93
2024-01-15,Growth Fund,Sell,GOOGL,-61,5805.7
2024-01-16,Growth Fund,Buy,TSLA,73,24362.03
2024-01-17,Growth Fund,Buy,NVDA,10,3839.82
2024-01-18,Dividend Fund,Buy,GOOG,44,18246.54
2024-01-19,Tech Fund,Sell,MSFT,-25,2753.42
2024-01-20,Growth Fund,Buy,AAPL,5,1880.86
2024-01-21,Tech Fund,Sell,GOOGL,-79,17844.38
2024-01-22,Growth Fund,Sell,GOOGL,-17,4369.02
2024-01-23,Growth Fund,Buy,MSFT,79,20242.08
2024-01-24,Dividend Fund,Buy,NFLX,59,9688.01
2024-01-25,Value Fund,Buy,NFLX,63,19434.44
2024-01-26,Growth Fund,Buy,BABA,88,41199.85
2024-01-27,Value Fund,Buy,NFLX,39,14383.82
2024-01-28,Value Fund,Buy,GOOGL,80,11950.17
2024-01-29,Tech Fund,Sell,GOOGL,-19,4051.22
2024-01-30,Value Fund,Sell,META,-4,240.89
2024-01-31,Growth Fund,Sell,NVDA,-71,21713.26
2024-02-01,Dividend Fund,Buy,NVDA,34,15742.86
2024-02-02,Tech Fund,Sell,AAPL,-88,13797.42
2024-02-03,Tech Fund,Buy,NFLX,65,31884.78
2024-02-04,Dividend Fund,Buy,NFLX,33,8285.24
2024-02-05,Tech Fund,Buy,MSFT,100,19995.03
2024-02-06,Value Fund,Sell,MSFT,-82,8367.96
2024-02-07,Tech Fund,Buy,NVDA,3,1057.79
2024-02-08,Dividend Fund,Buy,GOOG,70,28845.25
2024-02-09,Tech Fund,Buy,TSLA,71,22306.83
2024-02-10,Value Fund,Buy,GOOGL,72,4208.4
2024-02-11,Growth Fund,Buy,BABA,51,8532.59
2024-02-12,Tech Fund,Buy,GOOGL,36,10047.89
2024-02-13,Tech Fund,Buy,META,55,13974.97
2024-02-14,Growth Fund,Sell,AAPL,-26,7059.31
2024-02-15,Tech Fund,Sell,GOOGL,-79,38442.34
2024-02-16,Growth Fund,Sell,BABA,-1,193.84
2024-02-17,Tech Fund,Sell,GOOGL,-81,38588.21
2024-02-18,Value Fund,Sell,AAPL,-56,11818.43
2024-02-19,Dividend Fund,Sell,TSLA,-69,32225.73
2024-02-20,Value Fund,Buy,META,90,39006.18
2024-02-21,Growth Fund,Sell,GOOG,-91,34355.68
2024-02-22,Tech Fund,Sell,GOOG,-95,36659.75
2024-02-23,Value Fund,Buy,NFLX,30,12287.81
2024-02-24,Dividend Fund,Buy,AMZN,33,13791.74
2024-02-25,Dividend Fund,Buy,MSFT,87,29423.47
2024-02-26,Tech Fund,Sell,BABA,-44,7670.92
2024-02-27,Tech Fund,Sell,BABA,-93,32610.49
2024-02-28,Value Fund,Buy,AAPL,25,7979.2
2024-02-29,Dividend Fund,Sell,GOOG,-73,5456.89
2024-03-01,Tech Fund,Buy,META,51,15729.94
2024-03-02,Value Fund,Buy,NFLX,87,29174.66
2024-03-03,Growth Fund,Sell,AAPL,-43,5790.24
2024-03-04,Dividend Fund,Sell,NVDA,-94,23777.99
2024-03-05,Value Fund,Buy,NVDA,45,5556.83
2024-03-06,Growth Fund,Sell,META,-43,13719.33
2024-03-07,Tech Fund,Sell,NVDA,-1,475.97
2024-03-08,Dividend Fund,Sell,NFLX,-91,43693.29
2024-03-09,Growth Fund,Sell,NFLX,-1,380.63
2024-03-10,Value Fund,Sell,META,-54,24976.08
2024-03-11,Growth Fund,Sell,GOOGL,-13,1909.1
2024-03-12,Dividend Fund,Buy,MSFT,31,4145.15
2024-03-13,Dividend Fund,Sell,BABA,-100,46444.82
2024-03-14,Value Fund,Sell,META,-12,3227.23
2024-03-15,Value Fund,Buy,BABA,58,7914.2
2024-03-16,Growth Fund,Buy,GOOGL,13,1640.0
2024-03-17,Dividend Fund,Sell,TSLA,-61,27169.04
2024-03-18,Tech Fund,Sell,GOOGL,-32,11091.6
2024-03-19,Growth Fund,Buy,META,34,2843.69
2024-03-20,Tech Fund,Sell,BABA,-4,1829.38
2024-03-21,Value Fund,Sell,AAPL,-54,9542.67
2024-03-22,Dividend Fund,Sell,META,-93,4903.46
2024-03-23,Growth Fund,Buy,MSFT,87,41775.88
2024-03-24,Growth Fund,Sell,GOOG,-88,35575.91
2024-03-25,Dividend Fund,Buy,TSLA,61,18567.96
2024-03-26,Tech Fund,Sell,BABA,-45,15831.21
2024-03-27,Growth Fund,Sell,AAPL,-3,863.63
2024-03-28,Tech Fund,Buy,NVDA,7,2399.58
2024-03-29,Growth Fund,Buy,GOOGL,12,5203.57
2024-03-30,Tech Fund,Buy,NVDA,28,11546.31
2024-03-31,Growth Fund,Sell,BABA,-59,24473.29
2024-04-01,Tech Fund,Buy,BABA,27,2328.79
2024-04-02,Growth Fund,Sell,AMZN,-77,10034.13
2024-04-03,Value Fund,Buy,META,69,32203.62
2024-04-04,Tech Fund,Sell,NFLX,-6,756.46
2024-04-05,Dividend Fund,Sell,NVDA,-83,4704.24
2024-04-06,Tech Fund,Sell,AAPL,-1,171.11
2024-04-07,Growth Fund,Sell,GOOGL,-88,43972.69
2024-04-08,Dividend Fund,Buy,TSLA,48,19935.68
2024-04-09,Growth Fund,Sell,GOOG,-49,9256.54
2024-04-10,Tech Fund,Sell,GOOGL,-73,14314.21
2024-04-11,Dividend Fund,Sell,BABA,-57,26570.66
2024-04-12,Value Fund,Buy,GOOGL,82,30172.75
2024-04-13,Tech Fund,Sell,AAPL,-23,1815.04
2024-04-14,Tech Fund,Sell,AMZN,-3,517.04
2024-04-15,Growth Fund,Sell,META,-37,2389.96
2024-04-16,Tech Fund,Sell,GOOG,-79,15109.35
2024-04-17,Growth Fund,Buy,NFLX,49,12471.82
2024-04-18,Tech Fund,Buy,BABA,65,6549.64
2024-04-19,Value Fund,Sell,BABA,-68,26024.32
2024-04-20,Tech Fund,Sell,NFLX,-18,7840.06
2024-04-21,Value Fund,Sell,AAPL,-18,8177.02
2024-04-22,Tech Fund,Sell,TSLA,-82,14156.96
2024-04-23,Tech Fund,Sell,GOOG,-44,13415.67
2024-04-24,Dividend Fund,Sell,GOOG,-33,7245.92
2024-04-25,Growth Fund,Buy,AAPL,89,14466.91
2024-04-26,Growth Fund,Buy,GOOG,44,13238.7
2024-04-27,Value Fund,Sell,NFLX,-79,10261.7
2024-04-28,Growth Fund,Buy,META,74,20873.55
2024-04-29,Value Fund,Buy,GOOGL,36,14923.34
2024-04-30,Growth Fund,Sell,NFLX,-24,2016.73
2024-05-01,Growth Fund,Buy,AMZN,79,11476.83
2024-05-02,Dividend Fund,Sell,NVDA,-41,5794.49
2024-05-03,Value Fund,Buy,META,90,36148.49
2024-05-04,Tech Fund,Buy,GOOGL,70,12565.55
2024-05-05,Dividend Fund,Sell,GOOG,-9,2770.05
2024-05-06,Value Fund,Sell,NFLX,-26,11892.74
2024-05-07,Dividend Fund,Sell,MSFT,-86,16816.38
2024-05-08,Dividend Fund,Sell,META,-16,2678.81
2024-05-09,Tech Fund,Buy,NFLX,38,2153.01
2024-05-10,Value Fund,Buy,TSLA,80,19451.57
2024-05-11,Tech Fund,Buy,NFLX,30,3844.47
2024-05-12,Tech Fund,Buy,AAPL,25,1692.65
2024-05-13,Value Fund,Sell,META,-72,5858.61
2024-05-14,Value Fund,Sell,GOOGL,-14,3817.82
2024-05-15,Tech Fund,Buy,MSFT,58,4976.6
2024-05-16,Tech Fund,Buy,AAPL,54,13081.87
2024-05-17,Dividend Fund,Buy,BABA,31,7121.33
2024-05-18,Growth Fund,Buy,AMZN,69,20851.11
2024-05-19,Growth Fund,Sell,NVDA,-15,6361.31
2024-05-20,Growth Fund,Buy,GOOGL,89,20864.46
2024-05-21,Growth Fund,Sell,AAPL,-17,2003.34
2024-05-22,Tech Fund,Sell,AAPL,-98,30915.39
2024-05-23,Growth Fund,Sell,BABA,-81,11377.99
2024-05-24,Tech Fund,Sell,TSLA,-35,4551.76
2024-05-25,Growth Fund,Buy,AMZN,39,12522.28
2024-05-26,Tech Fund,Buy,NFLX,55,4143.13
2024-05-27,Dividend Fund,Sell,META,-98,6052.88
2024-05-28,Value Fund,Buy,NFLX,64,30255.87
2024-05-29,Dividend Fund,Sell,NVDA,-8,680.25
2024-05-30,Value Fund,Buy,META,91,14087.69
2024-05-31,Value Fund,Buy,META,52,21523.92
2024-06-01,Growth Fund,Buy,NVDA,33,5956.1
2024-06-02,Value Fund,Buy,META,57,8466.07
2024-06-03,Value Fund,Buy,GOOGL,59,16585.89
2024-06-04,Value Fund,Sell,META,-69,10236.87
2024-06-05,Tech Fund,Sell,TSLA,-66,18941.91
2024-06-06,Tech Fund,Buy,META,39,9569.54
2024-06-07,Tech Fund,Sell,TSLA,-61,30137.43
2024-06-08,Dividend Fund,Sell,MSFT,-12,1324.02
2024-06-09,Value Fund,Sell,GOOG,-51,14073.2
2024-06-10,Tech Fund,Sell,GOOG,-74,31842.37
2024-06-11,Tech Fund,Sell,META,-10,4054.1
2024-06-12,Tech Fund,Sell,GOOGL,-55,22582.95
2024-06-13,Growth Fund,Buy,NFLX,85,30071.82
2024-06-14,Growth Fund,Sell,GOOG,-91,35212.27
2024-06-15,Growth Fund,Sell,BABA,-15,7203.77
2024-06-16,Value Fund,Buy,BABA,38,6534.17
2024-06-17,Dividend Fund,Sell,META,-98,39362.17
2024-06-18,Tech Fund,Buy,NVDA,69,23171.6
2024-06-19,Dividend Fund,Buy,GOOGL,47,10265.88
2024-06-20,Growth Fund,Buy,MSFT,35,17222.01
2024-06-21,Tech Fund,Buy,AAPL,30,12578.29
2024-06-22,Value Fund,Buy,GOOGL,69,6726.82
2024-06-23,Growth Fund,Buy,AAPL,39,7909.45
2024-06-24,Tech Fund,Buy,META,70,22668.2
2024-06-25,Growth Fund,Buy,BABA,18,5254.67
2024-06-26,Growth Fund,Sell,TSLA,-6,2612.93
2024-06-27,Value Fund,Sell,NFLX,-75,20241.54
2024-06-28,Tech Fund,Sell,GOOGL,-19,5075.62
2024-06-29,Growth Fund,Sell,BABA,-6,2398.14
2024-06-30,Growth Fund,Buy,NFLX,66,31968.33
2024-07-01,Growth Fund,Buy,AMZN,52,21070.19
2024-07-02,Tech Fund,Sell,GOOGL,-45,19841.47
2024-07-03,Tech Fund,Sell,NVDA,-17,6418.47
2024-07-04,Tech Fund,Sell,AAPL,-43,16655.27
2024-07-05,Tech Fund,Buy,NVDA,72,22317.83
2024-07-06,Dividend Fund,Buy,AMZN,22,6600.95
2024-07-07,Value Fund,Sell,TSLA,-32,7390.7
2024-07-08,Dividend Fund,Buy,BABA,24,5603.63
2024-07-09,Tech Fund,Sell,AAPL,-37,7589.58
2024-07-10,Tech Fund,Buy,TSLA,75,30123.91
2024-07-11,Tech Fund,Buy,MSFT,8,1120.25
2024-07-12,Growth Fund,Sell,TSLA,-98,12509.46
2024-07-13,Value Fund,Buy,MSFT,86,10694.45
2024-07-14,Tech Fund,Sell,META,-79,12833.26
2024-07-15,Tech Fund,Buy,AMZN,49,15835.66
2024-07-16,Dividend Fund,Buy,MSFT,7,693.13
2024-07-17,Growth Fund,Sell,GOOGL,-32,13652.5
2024-07-18,Tech Fund,Buy,AMZN,61,16992.85
2024-07-19,Tech Fund,Sell,AAPL,-3,636.13
2024-07-20,Tech Fund,Sell,AMZN,-92,5362.38
2024-07-21,Value Fund,Buy,GOOGL,77,31986.16
2024-07-22,Tech Fund,Sell,AAPL,-40,10791.39
2024-07-23,Value Fund,Sell,GOOGL,-83,7618.68
2024-07-24,Growth Fund,Buy,BABA,21,9866.6
2024-07-25,Tech Fund,Sell,NVDA,-57,27152.1
2024-07-26,Value Fund,Buy,GOOG,38,8833.3
2024-07-27,Tech Fund,Buy,NFLX,61,24599.62
2024-07-28,Tech Fund,Buy,TSLA,94,27966.58
2024-07-29,Dividend Fund,Sell,TSLA,-92,30974.56
2024-07-30,Growth Fund,Buy,MSFT,11,4353.26
2024-07-31,Growth Fund,Buy,GOOGL,82,34748.86
2024-08-01,Value Fund,Buy,GOOG,74,31433.84
2024-08-02,Value Fund,Sell,GOOGL,-38,10651.71
2024-08-03,Value Fund,Buy,AMZN,62,18805.59
2024-08-04,Growth Fund,Buy,GOOGL,99,7481.95
2024-08-05,Growth Fund,Buy,GOOG,42,12415.16
2024-08-06,Value Fund,Buy,NVDA,47,16763.87
2024-08-07,Tech Fund,Buy,MSFT,61,24841.08
2024-08-08,Value Fund,Sell,MSFT,-8,1257.34
2024-08-09,Tech Fund,Buy,MSFT,72,35043.53
2024-08-10,Value Fund,Buy,AAPL,36,17405.31
2024-08-11,Growth Fund,Buy,GOOG,28,5040.23
2024-08-12,Dividend Fund,Buy,GOOG,87,20136.66
2024-08-13,Dividend Fund,Buy,AMZN,84,39546.02
2024-08-14,Value Fund,Buy,GOOGL,55,7459.2
2024-08-15,Tech Fund,Sell,NFLX,-87,33383.4
2024-08-16,Tech Fund,Buy,NVDA,84,30249.58
2024-08-17,Value Fund,Buy,GOOGL,14,2706.22
2024-08-18,Dividend Fund,Buy,GOOGL,81,9202.1
2024-08-19,Growth Fund,Buy,NFLX,24,2607.4
2024-08-20,Dividend Fund,Sell,GOOGL,-15,6447.22
2024-08-21,Growth Fund,Sell,META,-54,23296.08
2024-08-22,Value Fund,Buy,META,44,14009.72
2024-08-23,Value Fund,Sell,NVDA,-35,11992.37
2024-08-24,Growth Fund,Buy,GOOGL,66,10315.44
2024-08-25,Tech Fund,Buy,AAPL,59,26941.33
2024-08-26,Growth Fund,Sell,MSFT,-28,13013.57
2024-08-27,Tech Fund,Sell,NVDA,-3,647.2
2024-08-28,Value Fund,Sell,META,-70,19195.89
2024-08-29,Tech Fund,Sell,MSFT,-70,31466.69
2024-08-30,Tech Fund,Buy,AMZN,83,9948.75
2024-08-31,Growth Fund,Sell,NVDA,-39,13572.39
2024-09-01,Value Fund,Sell,TSLA,-41,8594.32
2024-09-02,Dividend Fund,Sell,NFLX,-27,7493.51
2024-09-03,Growth Fund,Buy,AMZN,47,22622.21
2024-09-04,Tech Fund,Buy,AAPL,5,2408.11
2024-09-05,Growth Fund,Sell,GOOGL,-4,1300.68
2024-09-06,Dividend Fund,Buy,NVDA,36,1982.82
2024-09-07,Growth Fund,Buy,NFLX,91,37243.02
2024-09-08,Tech Fund,Sell,MSFT,-5,2410.53
2024-09-09,Growth Fund,Sell,NFLX,-81,17446.77
2024-09-10,Growth Fund,Sell,AAPL,-88,11244.03
2024-09-11,Dividend Fund,Buy,NVDA,94,26059.23
2024-09-12,Tech Fund,Buy,GOOGL,21,7869.51
2024-09-13,Dividend Fund,Buy,AMZN,28,5256.75
2024-09-14,Value Fund,Buy,TSLA,47,18160.69
2024-09-15,Dividend Fund,Buy,AAPL,7,2717.06
2024-09-16,Growth Fund,Buy,GOOGL,71,34914.61
2024-09-17,Value Fund,Sell,GOOGL,-84,18262.9
2024-09-18,Value Fund,Sell,MSFT,-38,8736.08
2024-09-19,Tech Fund,Sell,GOOG,-30,10361.43
2024-09-20,Value Fund,Sell,AMZN,-72,11871.48
2024-09-21,Dividend Fund,Sell,BABA,-62,10391.4
2024-09-22,Dividend Fund,Sell,META,-74,17365.13
2024-09-23,Growth Fund,Buy,AMZN,8,2162.98
2024-09-24,Tech Fund,Sell,MSFT,-53,14866.08
2024-09-25,Value Fund,Sell,BABA,-93,29050.33
2024-09-26,Dividend Fund,Buy,BABA,80,23870.74
2024-09-27,Growth Fund,Buy,AAPL,32,11601.81
2024-09-28,Value Fund,Buy,AMZN,7,1159.49
2024-09-29,Tech Fund,Sell,GOOGL,-91,37282.88
2024-09-30,Value Fund,Buy,META,74,31785.05
2024-10-01,Value Fund,Buy,NVDA,29,12313.42
2024-10-02,Tech Fund,Sell,NFLX,-89,42684.71
2024-10-03,Growth Fund,Sell,NVDA,-50,22178.9
2024-10-04,Dividend Fund,Sell,NFLX,-100,21260.09
2024-10-05,Growth Fund,Buy,AAPL,79,36335.75
2024-10-06,Tech Fund,Buy,GOOG,63,22080.68
2024-10-07,Value Fund,Sell,NVDA,-59,29301.08
2024-10-08,Value Fund,Buy,META,50,23449.11
2024-10-09,Value Fund,Buy,MSFT,21,1406.77
2024-10-10,Tech Fund,Sell,NVDA,-90,5717.91
2024-10-11,Tech Fund,Buy,NVDA,41,2666.1
2024-10-12,Tech Fund,Buy,GOOGL,4,1713.28
2024-10-13,Growth Fund,Buy,NFLX,34,10299.73
2024-10-14,Growth Fund,Sell,TSLA,-57,12360.63
2024-10-15,Tech Fund,Sell,META,-98,20532.53
2024-10-16,Dividend Fund,Buy,GOOG,34,5667.14
2024-10-17,Tech Fund,Sell,TSLA,-28,4245.15
2024-10-18,Value Fund,Sell,GOOGL,-53,11896.7
2024-10-19,Value Fund,Buy,AMZN,39,7087.49
2024-10-20,Growth Fund,Sell,GOOG,-86,23166.61
2024-10-21,Growth Fund,Sell,AMZN,-71,5906.44
2024-10-22,Value Fund,Buy,NFLX,31,11154.7
2024-10-23,Growth Fund,Sell,NVDA,-55,20609.37
2024-10-24,Dividend Fund,Sell,AAPL,-63,4981.09
2024-10-25,Growth Fund,Buy,META,41,11903.93
2024-10-26,Growth Fund,Sell,GOOG,-71,19361.15
2024-10-27,Tech Fund,Buy,MSFT,8,818.36
2024-10-28,Value Fund,Sell,META,-70,26872.74
2024-10-29,Growth Fund,Sell,NVDA,-58,26380.71
2024-10-30,Tech Fund,Sell,NFLX,-5,858.75
2024-10-31,Value Fund,Sell,GOOG,-92,9527.21
2024-11-01,Value Fund,Sell,AAPL,-78,5589.6
2024-11-02,Value Fund,Sell,NVDA,-59,14429.75
2024-11-03,Growth Fund,Buy,GOOG,76,29295.31
2024-11-04,Dividend Fund,Sell,MSFT,-8,1871.37
2024-11-05,Tech Fund,Buy,NVDA,39,9552.42
2024-11-06,Tech Fund,Buy,BABA,98,16992.56
2024-11-07,Growth Fund,Sell,GOOG,-22,3654.29
2024-11-08,Value Fund,Buy,TSLA,40,15147.86
2024-11-09,Tech Fund,Buy,META,4,390.83
2024-11-10,Growth Fund,Buy,MSFT,61,27034.87
2024-11-11,Tech Fund,Sell,AAPL,-85,28978.37
2024-11-12,Growth Fund,Buy,META,70,9346.47
2024-11-13,Tech Fund,Sell,BABA,-49,6804.06
2024-11-14,Value Fund,Buy,GOOG,46,10986.18
2024-11-15,Dividend Fund,Buy,META,43,21331.77
2024-11-16,Tech Fund,Sell,BABA,-46,17688.68
2024-11-17,Value Fund,Buy,BABA,2,849.37
2024-11-18,Dividend Fund,Sell,GOOGL,-25,9557.47
2024-11-19,Dividend Fund,Sell,META,-21,5293.78
2024-11-20,Tech Fund,Buy,GOOG,9,2931.44
2024-11-21,Tech Fund,Buy,META,49,21349.25
2024-11-22,Tech Fund,Buy,MSFT,87,16477.19
2024-11-23,Dividend Fund,Buy,GOOGL,11,4301.95
2024-11-24,Value Fund,Sell,NFLX,-27,2868.51
2024-11-25,Dividend Fund,Sell,GOOG,-15,1378.43
2024-11-26,Growth Fund,Sell,GOOG,-49,12760.86
2024-11-27,Dividend Fund,Buy,MSFT,66,28270.71
2024-11-28,Dividend Fund,Buy,GOOG,5,788.53
2024-11-29,Value Fund,Sell,MSFT,-85,22216.19
2024-11-30,Growth Fund,Sell,GOOGL,-94,13119.57
2024-12-01,Growth Fund,Sell,TSLA,-41,4258.12
2024-12-02,Dividend Fund,Buy,GOOGL,100,47402.5
2024-12-03,Growth Fund,Buy,MSFT,91,26548.28
2024-12-04,Dividend Fund,Buy,NVDA,68,32492.28
2024-12-05,Value Fund,Sell,AAPL,-94,41934.51
2024-12-06,Value Fund,Sell,GOOGL,-62,26328.04
2024-12-07,Dividend Fund,Buy,AMZN,100,8073.58
2024-12-08,Dividend Fund,Sell,NFLX,-58,18845.62
2024-12-09,Value Fund,Buy,GOOG,20,9536.77
2024-12-10,Growth Fund,Buy,GOOGL,88,11215.3
2024-12-11,Tech Fund,Sell,NVDA,-60,9781.27
2024-12-12,Tech Fund,Sell,NVDA,-29,10351.93
2024-12-13,Dividend Fund,Buy,TSLA,87,7543.48
2024-12-14,Dividend Fund,Sell,GOOG,-85,24116.78
2024-12-15,Value Fund,Buy,GOOG,86,4811.24
2024-12-16,Tech Fund,Sell,NFLX,-71,34893.23
2024-12-17,Tech Fund,Sell,GOOGL,-72,6964.82
2024-12-18,Dividend Fund,Buy,NFLX,94,15624.22
2024-12-19,Tech Fund,Sell,MSFT,-25,5148.8
2024-12-20,Tech Fund,Buy,AAPL,75,7688.92
2024-12-21,Tech Fund,Sell,BABA,-29,7306.81
2024-12-22,Value Fund,Buy,AMZN,75,6122.42
2024-12-23,Value Fund,Buy,NFLX,37,17717.54
2024-12-24,Growth Fund,Buy,GOOGL,36,10063.2
2024-12-25,Tech Fund,Sell,BABA,-48,4675.47
2024-12-26,Tech Fund,Buy,MSFT,71,24540.11
2024-12-27,Value Fund,Buy,AAPL,76,9589.69
2024-12-28,Dividend Fund,Sell,META,-45,11800.69
2024-12-29,Growth Fund,Buy,GOOGL,11,4396.11
2024-12-30,Tech Fund,Sell,GOOGL,-79,30430.57
2024-12-31,Tech Fund,Sell,AAPL,-34,3301.99
2025-01-01,Growth Fund,Buy,META,71,33915.65
2025-01-02,Value Fund,Buy,NFLX,67,7147.07
2025-01-03,Value Fund,Buy,AMZN,38,14177.26
2025-01-04,Tech Fund,Sell,NVDA,-24,11297.81
2025-01-05,Tech Fund,Sell,AAPL,-88,26679.75
2025-01-06,Growth Fund,Sell,AMZN,-54,11609.65
2025-01-07,Tech Fund,Buy,GOOGL,25,7623.23
2025-01-08,Value Fund,Buy,BABA,45,11453.76
2025-01-09,Dividend Fund,Buy,TSLA,5,1397.87
2025-01-10,Tech Fund,Buy,NVDA,2,952.8
2025-01-11,Dividend Fund,Sell,AMZN,-75,9329.64
2025-01-12,Dividend Fund,Buy,AMZN,48,18339.01
2025-01-13,Tech Fund,Buy,AMZN,13,738.98
2025-01-14,Dividend Fund,Sell,GOOGL,-23,4258.75
2025-01-15,Value Fund,Sell,META,-72,25377.02
2025-01-16,Value Fund,Sell,GOOGL,-70,23911.21
2025-01-17,Growth Fund,Sell,GOOG,-26,9892.98
2025-01-18,Tech Fund,Sell,AAPL,-67,5510.02
2025-01-19,Growth Fund,Buy,NFLX,24,2418.46
2025-01-20,Dividend Fund,Buy,NFLX,75,33996.26
2025-01-21,Tech Fund,Buy,GOOG,61,7887.21
2025-01-22,Value Fund,Sell,GOOGL,-41,11074.44
2025-01-23,Dividend Fund,Buy,TSLA,15,1005.21
2025-01-24,Dividend Fund,Buy,NFLX,3,476.7
2025-01-25,Dividend Fund,Sell,GOOG,-71,33023.22
2025-01-26,Dividend Fund,Sell,MSFT,-38,12439.69
2025-01-27,Value Fund,Sell,MSFT,-5,1167.54
2025-01-28,Dividend Fund,Sell,TSLA,-39,2793.01
2025-01-29,Tech Fund,Buy,MSFT,26,2330.02
2025-01-30,Growth Fund,Sell,MSFT,-54,15774.84
2025-01-31,Growth Fund,Buy,AMZN,30,1536.24
2025-02-01,Growth Fund,Buy,GOOGL,40,14295.67
2025-02-02,Growth Fund,Buy,NVDA,89,19486.34
2025-02-03,Value Fund,Sell,GOOGL,-97,24859.1
2025-02-04,Growth Fund,Sell,TSLA,-10,3330.89
2025-02-05,Value Fund,Sell,AMZN,-21,8519.43
2025-02-06,Growth Fund,Buy,META,22,8779.56
2025-02-07,Tech Fund,Sell,BABA,-41,4980.85
2025-02-08,Tech Fund,Sell,MSFT,-66,22573.79
2025-02-09,Tech Fund,Buy,NFLX,98,45597.71
2025-02-10,Value Fund,Sell,TSLA,-94,21609.21
2025-02-11,Value Fund,Sell,AAPL,-6,2871.2
2025-02-12,Value Fund,Buy,AMZN,44,5307.21
2025-02-13,Tech Fund,Sell,NFLX,-16,6170.66
2025-02-14,Growth Fund,Sell,AAPL,-37,12808.4
2025-02-15,Value Fund,Sell,META,-27,8763.19
2025-02-16,Tech Fund,Sell,AAPL,-55,18112.67
2025-02-17,Tech Fund,Sell,TSLA,-12,2813.95
2025-02-18,Value Fund,Buy,META,62,26856.89
2025-02-19,Value Fund,Buy,META,78,31998.64
2025-02-20,Value Fund,Sell,AMZN,-27,11925.94
2025-02-21,Growth Fund,Buy,BABA,93,21371.87
2025-02-22,Dividend Fund,Buy,AMZN,71,12361.47
2025-02-23,Value Fund,Buy,NFLX,27,9891.04
2025-02-24,Dividend Fund,Buy,TSLA,28,10866.34
2025-02-25,Growth Fund,Sell,AAPL,-57,11536.28
2025-02-26,Tech Fund,Sell,NVDA,-37,15810.96
2025-02-27,Dividend Fund,Sell,META,-42,15831.25
2025-02-28,Value Fund,Sell,MSFT,-92,30862.83
2025-03-01,Dividend Fund,Sell,TSLA,-73,23229.83
2025-03-02,Dividend Fund,Buy,NVDA,72,6944.72
2025-03-03,Dividend Fund,Sell,NFLX,-80,11858.58
2025-03-04,Value Fund,Sell,BABA,-19,4785.01
2025-03-05,Value Fund,Sell,NFLX,-18,6469.56
2025-03-06,Value Fund,Buy,META,10,3760.26
2025-03-07,Tech Fund,Buy,META,27,12179.05
2025-03-08,Dividend Fund,Buy,GOOG,17,7526.69
2025-03-09,Value Fund,Buy,BABA,70,29262.12
2025-03-10,Tech Fund,Sell,NFLX,-7,2923.19
2025-03-11,Growth Fund,Sell,MSFT,-21,7978.39
2025-03-12,Tech Fund,Buy,GOOGL,28,13682.7
2025-03-13,Growth Fund,Sell,GOOGL,-48,13356.34
2025-03-14,Growth Fund,Buy,NFLX,61,17432.71
2025-03-15,Growth Fund,Sell,MSFT,-91,14735.8
2025-03-16,Growth Fund,Buy,BABA,6,459.15
2025-03-17,Dividend Fund,Buy,GOOG,43,11396.7
2025-03-18,Growth Fund,Buy,MSFT,70,17061.5
2025-03-19,Growth Fund,Sell,AMZN,-20,6694.49
2025-03-20,Growth Fund,Sell,AMZN,-69,27869.65
2025-03-21,Tech Fund,Buy,GOOGL,92,44886.44
2025-03-22,Dividend Fund,Buy,MSFT,99,21724.2
2025-03-23,Value Fund,Sell,BABA,-41,16448.63
2025-03-24,Value Fund,Buy,META,13,5111.25
2025-03-25,Tech Fund,Buy,TSLA,58,26300.17
2025-03-26,Growth Fund,Sell,TSLA,-59,29167.29
2025-03-27,Growth Fund,Sell,MSFT,-49,2450.32
2025-03-28,Growth Fund,Sell,AMZN,-45,14675.47
2025-03-29,Growth Fund,Sell,MSFT,-46,16409.8
2025-03-30,Value Fund,Sell,BABA,-43,4928.95
2025-03-31,Tech Fund,Buy,META,84,12533.45
2025-04-01,Dividend Fund,Buy,AAPL,87,26730.11
2025-04-02,Tech Fund,Buy,AAPL,4,1592.81
2025-04-03,Dividend Fund,Buy,NVDA,59,13093.9
2025-04-04,Dividend Fund,Sell,MSFT,-80,4408.47
2025-04-05,Dividend Fund,Sell,NVDA,-24,3923.34
2025-04-06,Tech Fund,Buy,AAPL,22,5150.37
2025-04-07,Tech Fund,Sell,META,-39,6101.66
2025-04-08,Dividend Fund,Sell,GOOG,-22,5000.44
2025-04-09,Value Fund,Buy,NVDA,44,10953.46
2025-04-10,Growth Fund,Sell,AAPL,-61,13780.79
2025-04-11,Growth Fund,Sell,META,-85,33277.51
2025-04-12,Tech Fund,Sell,MSFT,-59,10701.28
2025-04-13,Dividend Fund,Buy,AAPL,38,12421.97
2025-04-14,Dividend Fund,Sell,GOOG,-10,4288.93
2025-04-15,Tech Fund,Sell,GOOGL,-60,26591.75
2025-04-16,Tech Fund,Sell,TSLA,-91,36804.25
2025-04-17,Tech Fund,Sell,GOOG,-25,5679.28
2025-04-18,Dividend Fund,Sell,META,-30,2622.51
2025-04-19,Tech Fund,Sell,AMZN,-32,10418.43
2025-04-20,Tech Fund,Buy,BABA,43,10427.63
2025-04-21,Dividend Fund,Sell,BABA,-15,4677.65
2025-04-22,Growth Fund,Sell,BABA,-1,350.82
2025-04-23,Dividend Fund,Sell,GOOG,-82,23676.0
2025-04-24,Tech Fund,Sell,META,-36,7491.56
2025-04-25,Tech Fund,Buy,AAPL,86,13734.6
2025-04-26,Value Fund,Sell,META,-84,11248.96
2025-04-27,Growth Fund,Buy,NFLX,16,6243.16
2025-04-28,Tech Fund,Buy,GOOG,50,11233.97
2025-04-29,Tech Fund,Sell,BABA,-12,4613.26
2025-04-30,Tech Fund,Sell,TSLA,-77,20629.39
2025-05-01,Value Fund,Buy,NVDA,44,14281.27
2025-05-02,Dividend Fund,Sell,MSFT,-49,9578.9
2025-05-03,Growth Fund,Sell,META,-60,28932.81
2025-05-04,Dividend Fund,Sell,AAPL,-60,14015.98
2025-05-05,Dividend Fund,Buy,AAPL,14,5786.67
2025-05-06,Dividend Fund,Sell,GOOG,-87,35047.94
2025-05-07,Value Fund,Sell,BABA,-50,21173.74
2025-05-08,Growth Fund,Buy,AMZN,51,10331.01
2025-05-09,Dividend Fund,Sell,NFLX,-34,6848.67
2025-05-10,Growth Fund,Buy,MSFT,55,4277.54
2025-05-11,Value Fund,Sell,AMZN,-57,12289.22
2025-05-12,Tech Fund,Buy,AMZN,12,1000.27
2025-05-13,Tech Fund,Buy,BABA,88,10213.57
2025-05-14,Dividend Fund,Buy,GOOGL,50,3596.24
2025-05-15,Value Fund,Sell,META,-73,15364.23
2025-05-16,Value Fund,Sell,AMZN,-98,41516.49
2025-05-17,Growth Fund,Sell,GOOG,-35,1787.67
2025-05-18,Value Fund,Sell,GOOGL,-91,42882.9
2025-05-19,Tech Fund,Sell,TSLA,-73,17733.56
2025-05-20,Growth Fund,Buy,MSFT,90,9830.12
2025-05-21,Growth Fund,Buy,MSFT,70,10834.17
2025-05-22,Tech Fund,Sell,AMZN,-21,7954.68
2025-05-23,Tech Fund,Sell,META,-69,27848.5
2025-05-24,Dividend Fund,Buy,TSLA,52,20813.1
2025-05-25,Growth Fund,Sell,MSFT,-51,11483.42
2025-05-26,Growth Fund,Buy,BABA,12,2005.4
2025-05-27,Growth Fund,Sell,AAPL,-66,19403.35
2025-05-28,Growth Fund,Sell,AAPL,-83,21914.17
2025-05-29,Dividend Fund,Buy,NFLX,40,10314.78
2025-05-30,Dividend Fund,Buy,MSFT,2,303.44
2025-05-31,Dividend Fund,Buy,NFLX,43,18546.75
2025-06-01,Dividend Fund,Sell,BABA,-2,241.79
2025-06-02,Dividend Fund,Buy,MSFT,70,7559.86
2025-06-03,Tech Fund,Buy,NVDA,64,14877.56
2025-06-04,Value Fund,Sell,META,-66,22780.42
2025-06-05,Value Fund,Buy,NVDA,3,1471.51
2025-06-06,Tech Fund,Sell,META,-69,25604.47
2025-06-07,Dividend Fund,Sell,GOOG,-97,28140.78
2025-06-08,Dividend Fund,Sell,NFLX,-52,18880.12
2025-06-09,Tech Fund,Sell,META,-24,9678.52
2025-06-10,Dividend Fund,Buy,TSLA,36,7270.11
2025-06-11,Dividend Fund,Buy,MSFT,59,8027.67
2025-06-12,Dividend Fund,Buy,NFLX,18,6930.2
2025-06-13,Dividend Fund,Buy,GOOGL,61,6782.26
2025-06-14,Growth Fund,Buy,AMZN,5,2417.2
2025-06-15,Dividend Fund,Buy,AAPL,35,14043.45
2025-06-16,Growth Fund,Sell,NVDA,-100,12918.88
2025-06-17,Value Fund,Sell,NVDA,-62,19789.65
2025-06-18,Growth Fund,Buy,META,14,4976.03
2025-06-19,Growth Fund,Buy,AMZN,41,7277.69
2025-06-20,Tech Fund,Sell,AAPL,-24,10173.96
2025-06-21,Growth Fund,Sell,NVDA,-94,9766.92
2025-06-22,Tech Fund,Sell,NFLX,-56,10738.12
2025-06-23,Growth Fund,Buy,AMZN,18,4103.62
2025-06-24,Dividend Fund,Sell,TSLA,-44,14666.96
2025-06-25,Tech Fund,Sell,AAPL,-42,16252.58
2025-06-26,Tech Fund,Sell,BABA,-4,1851.77
2025-06-27,Dividend Fund,Buy,NVDA,1,437.3
2025-06-28,Growth Fund,Sell,GOOGL,-47,19321.12
2025-06-29,Tech Fund,Buy,BABA,63,8029.78
2025-06-30,Tech Fund,Sell,NVDA,-63,21434.98
2025-07-01,Dividend Fund,Sell,GOOGL,-68,29318.39
2025-07-02,Dividend Fund,Sell,TSLA,-52,25528.39
2025-07-03,Tech Fund,Sell,META,-63,28256.37
2025-07-04,Tech Fund,Sell,NVDA,-48,15514.87
2025-07-05,Dividend Fund,Sell,GOOGL,-46,18296.48
2025-07-06,Dividend Fund,Sell,BABA,-89,4827.39
2025-07-07,Growth Fund,Buy,BABA,77,21165.59
2025-07-08,Value Fund,Buy,GOOG,100,16974.94
2025-07-09,Dividend Fund,Buy,TSLA,15,3383.01
2025-07-10,Value Fund,Buy,GOOG,91,41517.75
2025-07-11,Tech Fund,Buy,NVDA,32,11597.43
2025-07-12,Tech Fund,Sell,TSLA,-22,10945.94
2025-07-13,Value Fund,Buy,BABA,90,23135.28
2025-07-14,Growth Fund,Sell,GOOGL,-76,27147.43
2025-07-15,Tech Fund,Buy,GOOGL,9,2938.21
2025-07-16,Tech Fund,Sell,AAPL,-41,15990.87
2025-07-17,Tech Fund,Buy,AMZN,60,7836.61
2025-07-18,Value Fund,Sell,GOOG,-41,15777.26
2025-07-19,Dividend Fund,Buy,NVDA,90,22453.52
2025-07-20,Value Fund,Sell,NVDA,-95,8765.89
2025-07-21,Growth Fund,Buy,AAPL,14,4016.48
2025-07-22,Dividend Fund,Buy,AMZN,63,4169.89
2025-07-23,Value Fund,Sell,AMZN,-87,35178.0
2025-07-24,Dividend Fund,Buy,AAPL,65,29915.29
2025-07-25,Value Fund,Sell,NFLX,-16,6522.25
2025-07-26,Dividend Fund,Buy,NVDA,65,18931.23
2025-07-27,Tech Fund,Buy,NVDA,8,1661.13
2025-07-28,Tech Fund,Sell,NVDA,-18,5462.86
2025-07-29,Growth Fund,Buy,NFLX,19,8698.06
2025-07-30,Dividend Fund,Buy,MSFT,62,16972.53
2025-07-31,Tech Fund,Sell,GOOGL,-77,36632.18
2025-08-01,Tech Fund,Sell,TSLA,-30,13582.95
2025-08-02,Growth Fund,Buy,AMZN,53,6029.44
2025-08-03,Growth Fund,Sell,NFLX,-98,27605.9
2025-08-04,Tech Fund,Sell,NVDA,-3,927.26
2025-08-05,Growth Fund,Buy,BABA,30,7698.04
2025-08-06,Tech Fund,Buy,MSFT,18,7237.32
2025-08-07,Tech Fund,Buy,NFLX,59,14044.05
2025-08-08,Growth Fund,Buy,GOOGL,96,22619.37
2025-08-09,Value Fund,Sell,META,-91,5797.82
2025-08-10,Value Fund,Sell,NFLX,-98,42171.37
2025-08-11,Value Fund,Sell,AAPL,-26,6353.27
2025-08-12,Tech Fund,Sell,TSLA,-44,7887.1
2025-08-13,Dividend Fund,Sell,GOOGL,-24,9182.88
2025-08-14,Growth Fund,Buy,AMZN,25,12287.67
2025-08-15,Tech Fund,Buy,NVDA,52,3577.24
2025-08-16,Tech Fund,Sell,GOOG,-26,3093.24
2025-08-17,Tech Fund,Sell,AAPL,-67,11482.13
2025-08-18,Tech Fund,Buy,GOOG,17,6991.73
2025-08-19,Growth Fund,Sell,AAPL,-81,10323.98
2025-08-20,Dividend Fund,Sell,NVDA,-74,33485.83
2025-08-21,Tech Fund,Buy,NFLX,93,40718.3
2025-08-22,Tech Fund,Sell,TSLA,-8,1526.33
2025-08-23,Tech Fund,Sell,MSFT,-86,42396.77
2025-08-24,Growth Fund,Buy,TSLA,16,3053.16
2025-08-25,Tech Fund,Buy,MSFT,2,459.09
2025-08-26,Dividend Fund,Sell,GOOG,-38,14845.84
2025-08-27,Value Fund,Buy,NVDA,62,24471.6
2025-08-28,Growth Fund,Sell,MSFT,-75,31820.34
2025-08-29,Dividend Fund,Buy,NVDA,64,30800.82
2025-08-30,Tech Fund,Buy,AMZN,79,20714.33
2025-08-31,Dividend Fund,Buy,AAPL,93,38424.9
2025-09-01,Dividend Fund,Sell,MSFT,-97,20234.95
2025-09-02,Tech Fund,Buy,NVDA,18,1889.0
2025-09-03,Tech Fund,Buy,GOOGL,93,13796.48
2025-09-04,Value Fund,Buy,MSFT,73,9531.27
2025-09-05,Dividend Fund,Buy,TSLA,28,5129.74
2025-09-06,Dividend Fund,Sell,AAPL,-27,5035.72
2025-09-07,Growth Fund,Buy,MSFT,40,9134.88
2025-09-08,Tech Fund,Sell,NVDA,-25,9460.66
2025-09-09,Value Fund,Sell,GOOG,-98,24588.65
2025-09-10,Tech Fund,Buy,NVDA,51,15210.0
2025-09-11,Dividend Fund,Sell,META,-75,27095.18
2025-09-12,Value Fund,Buy,NFLX,59,20286.02
2025-09-13,Growth Fund,Sell,GOOGL,-65,31943.16
2025-09-14,Growth Fund,Sell,AAPL,-5,1688.0
2025-09-15,Value Fund,Sell,NVDA,-81,33515.65
2025-09-16,Growth Fund,Buy,AAPL,30,14277.63
2025-09-17,Dividend Fund,Sell,AMZN,-63,11158.31
2025-09-18,Dividend Fund,Buy,GOOG,46,20463.57
2025-09-19,Dividend Fund,Sell,NVDA,-62,9311.75
2025-09-20,Tech Fund,Buy,AAPL,4,1271.99
2025-09-21,Tech Fund,Buy,NVDA,44,17947.99
2025-09-22,Growth Fund,Buy,MSFT,43,11326.68
2025-09-23,Dividend Fund,Buy,AMZN,9,4497.82
2025-09-24,Value Fund,Sell,AAPL,-21,2175.67
2025-09-25,Dividend Fund,Buy,AAPL,100,37234.57
2025-09-26,Growth Fund,Sell,NVDA,-10,2850.35
2025-09-27,Dividend Fund,Buy,GOOG,84,24314.82
2025-09-28,Value Fund,Buy,MSFT,30,10953.06
2025-09-29,Value Fund,Sell,NVDA,-9,3799.88
2025-09-30,Dividend Fund,Sell,NVDA,-23,9468.42
2025-10-01,Growth Fund,Buy,META,99,32041.09
2025-10-02,Tech Fund,Buy,BABA,67,28928.69
2025-10-03,Dividend Fund,Buy,GOOG,22,3074.62
2025-10-04,Value Fund,Sell,GOOG,-83,33998.36
2025-10-05,Value Fund,Buy,META,56,4416.53
2025-10-06,Tech Fund,Sell,GOOG,-86,27261.44
2025-10-07,Tech Fund,Sell,NVDA,-60,25905.51
2025-10-08,Value Fund,Sell,NVDA,-52,4067.32
2025-10-09,Dividend Fund,Buy,MSFT,7,2876.66
2025-10-10,Value Fund,Buy,META,36,8144.76
2025-10-11,Growth Fund,Sell,BABA,-19,7949.19
2025-10-12,Dividend Fund,Buy,AAPL,65,18630.81
2025-10-13,Tech Fund,Sell,NFLX,-90,26547.89
2025-10-14,Tech Fund,Sell,GOOGL,-55,26787.16
2025-10-15,Growth Fund,Sell,GOOGL,-30,11602.83
2025-10-16,Tech Fund,Buy,AMZN,43,13725.0
2025-10-17,Tech Fund,Buy,GOOG,60,5473.47
2025-10-18,Growth Fund,Sell,AAPL,-61,22382.65
2025-10-19,Value Fund,Buy,META,93,37062.43
2025-10-20,Dividend Fund,Buy,META,91,41101.66
2025-10-21,Growth Fund,Sell,TSLA,-59,20466.65
2025-10-22,Growth Fund,Buy,TSLA,37,6328.11
2025-10-23,Tech Fund,Buy,AMZN,78,9762.09
2025-10-24,Dividend Fund,Buy,MSFT,75,15470.78
2025-10-25,Value Fund,Buy,META,89,13392.89
2025-10-26,Growth Fund,Buy,AMZN,64,6101.61
2025-10-27,Tech Fund,Buy,META,71,32749.41
2025-10-28,Tech Fund,Buy,AAPL,99,14803.3
2025-10-29,Dividend Fund,Sell,BABA,-3,1083.86
2025-10-30,Growth Fund,Buy,NVDA,6,1063.9
2025-10-31,Tech Fund,Sell,GOOG,-27,5027.06
2025-11-01,Value Fund,Sell,BABA,-83,20111.75
2025-11-02,Tech Fund,Sell,AAPL,-32,5801.07
2025-11-03,Tech Fund,Sell,GOOGL,-42,12893.77
2025-11-04,Dividend Fund,Buy,NFLX,26,1690.31
2025-11-05,Dividend Fund,Sell,NVDA,-32,10842.25
2025-11-06,Value Fund,Buy,AAPL,77,14261.84
2025-11-07,Tech Fund,Buy,GOOGL,12,4859.29
2025-11-08,Tech Fund,Sell,MSFT,-44,12689.09
2025-11-09,Growth Fund,Buy,GOOGL,62,26808.28
2025-11-10,Dividend Fund,Sell,AMZN,-96,16253.87
2025-11-11,Growth Fund,Sell,BABA,-82,8658.68
2025-11-12,Tech Fund,Buy,TSLA,47,18821.51
2025-11-13,Dividend Fund,Buy,META,2,761.45
2025-11-14,Tech Fund,Buy,TSLA,55,21239.52
2025-11-15,Tech Fund,Sell,NVDA,-36,16497.31
2025-11-16,Growth Fund,Sell,GOOGL,-49,3219.09
2025-11-17,Tech Fund,Sell,NVDA,-88,42337.05
2025-11-18,Growth Fund,Buy,NVDA,57,3845.21
2025-11-19,Tech Fund,Sell,TSLA,-8,485.39
2025-11-20,Growth Fund,Buy,NFLX,88,28805.1
2025-11-21,Dividend Fund,Buy,GOOGL,68,9644.05
2025-11-22,Dividend Fund,Buy,TSLA,100,7019.2
2025-11-23,Dividend Fund,Sell,AAPL,-56,16088.64
2025-11-24,Dividend Fund,Sell,NFLX,-19,5073.33
2025-11-25,Growth Fund,Sell,AMZN,-7,2187.87
2025-11-26,Growth Fund,Buy,BABA,40,10769.44
2025-11-27,Value Fund,Buy,GOOGL,5,2172.7
2025-11-28,Value Fund,Buy,META,7,982.15
2025-11-29,Value Fund,Buy,BABA,51,17815.87
2025-11-30,Growth Fund,Sell,NVDA,-41,15200.27
2025-12-01,Growth Fund,Sell,AAPL,-75,19178.37
2025-12-02,Value Fund,Sell,MSFT,-34,11253.39
2025-12-03,Value Fund,Buy,AMZN,67,32525.46
2025-12-04,Growth Fund,Buy,GOOG,12,4750.06
2025-12-05,Growth Fund,Buy,TSLA,12,5445.46
2025-12-06,Dividend Fund,Buy,AAPL,35,2607.51
2025-12-07,Tech Fund,Sell,AAPL,-40,14192.44
2025-12-08,Tech Fund,Buy,AAPL,11,3841.38
2025-12-09,Value Fund,Sell,NFLX,-57,10292.75
2025-12-10,Value Fund,Buy,GOOGL,59,24223.31
2025-12-11,Tech Fund,Buy,NVDA,36,2882.68
2025-12-12,Value Fund,Sell,GOOG,-35,14326.82
2025-12-13,Growth Fund,Sell,NFLX,-17,8138.4
2025-12-14,Value Fund,Sell,BABA,-28,10516.13
2025-12-15,Growth Fund,Buy,TSLA,76,37674.96
2025-12-16,Value Fund,Buy,META,92,40157.75
2025-12-17,Growth Fund,Sell,NFLX,-38,5526.11
2025-12-18,Value Fund,Buy,MSFT,14,4357.55
2025-12-19,Growth Fund,Buy,NVDA,6,2393.15
2025-12-20,Dividend Fund,Sell,MSFT,-1,166.94
2025-12-21,Tech Fund,Buy,MSFT,68,15254.34
2025-12-22,Dividend Fund,Sell,MSFT,-22,7480.48
2025-12-23,Dividend Fund,Buy,AMZN,74,27515.86
2025-12-24,Tech Fund,Buy,AAPL,46,5189.34
2025-12-25,Dividend Fund,Buy,BABA,26,2024.91
2025-12-26,Tech Fund,Buy,AMZN,97,25402.8
2025-12-27,Growth Fund,Buy,NVDA,16,5383.07
2025-12-28,Dividend Fund,Sell,GOOG,-59,15526.89
2025-12-29,Dividend Fund,Sell,GOOGL,-27,12961.41
2025-12-30,Growth Fund,Sell,TSLA,-44,6096.6
2025-12-31,Tech Fund,Buy,MSFT,34,3863.14
2026-01-01,Tech Fund,Sell,MSFT,-50,8145.66
2026-01-02,Dividend Fund,Buy,AAPL,21,5905.65
2026-01-03,Dividend Fund,Buy,MSFT,81,33886.06
2026-01-04,Growth Fund,Sell,MSFT,-2,862.97
2026-01-05,Tech Fund,Sell,TSLA,-31,11335.33
2026-01-06,Dividend Fund,Sell,META,-24,5792.33
2026-01-07,Growth Fund,Sell,AMZN,-75,23060.9
2026-01-08,Tech Fund,Buy,AAPL,48,10501.29
2026-01-09,Growth Fund,Sell,META,-4,1711.09
2026-01-10,Tech Fund,Sell,NVDA,-13,1807.77
2026-01-11,Dividend Fund,Sell,GOOGL,-23,5942.99
2026-01-12,Tech Fund,Sell,AMZN,-54,12808.58
2026-01-13,Dividend Fund,Sell,META,-56,2902.22
2026-01-14,Dividend Fund,Buy,AMZN,37,15618.15
2026-01-15,Growth Fund,Buy,GOOG,95,9832.62
2026-01-16,Dividend Fund,Sell,AAPL,-21,7843.78
2026-01-17,Growth Fund,Buy,AAPL,56,22344.65
2026-01-18,Dividend Fund,Sell,BABA,-36,4214.88
2026-01-19,Tech Fund,Buy,AMZN,51,17324.09
2026-01-20,Dividend Fund,Buy,BABA,45,7553.09
2026-01-21,Growth Fund,Buy,BABA,30,7762.57
2026-01-22,Growth Fund,Sell,AMZN,-36,5394.93
2026-01-23,Value Fund,Sell,AAPL,-42,13821.77
2026-01-24,Value Fund,Buy,BABA,59,3300.97
2026-01-25,Dividend Fund,Sell,NFLX,-66,30999.95
2026-01-26,Tech Fund,Sell,GOOGL,-74,11445.68
2026-01-27,Dividend Fund,Buy,NFLX,78,36452.41
2026-01-28,Dividend Fund,Buy,AAPL,21,6939.14
2026-01-29,Value Fund,Sell,AMZN,-71,13645.7
2026-01-30,Value Fund,Sell,NFLX,-84,38803.82
2026-01-31,Dividend Fund,Buy,TSLA,59,24469.66
2026-02-01,Dividend Fund,Sell,AMZN,-15,5147.23
2026-02-02,Growth Fund,Sell,NVDA,-5,444.41
2026-02-03,Tech Fund,Sell,NFLX,-85,26443.63
2026-02-04,Value Fund,Buy,AAPL,10,3139.07
2026-02-05,Dividend Fund,Sell,MSFT,-97,43497.48
2026-02-06,Tech Fund,Sell,AMZN,-97,4880.21
2026-02-07,Growth Fund,Buy,TSLA,89,24673.54
2026-02-08,Value Fund,Sell,NFLX,-40,4381.03
2026-02-09,Growth Fund,Buy,NFLX,81,9293.0
2026-02-10,Tech Fund,Buy,META,10,2115.51
2026-02-11,Growth Fund,Buy,AAPL,62,28430.08
2026-02-12,Tech Fund,Sell,NFLX,-66,21982.3
2026-02-13,Tech Fund,Sell,META,-52,21768.27
2026-02-14,Dividend Fund,Buy,META,13,1717.76
2026-02-15,Dividend Fund,Sell,META,-52,17253.46
2026-02-16,Dividend Fund,Buy,GOOG,65,6756.29
2026-02-17,Tech Fund,Buy,META,44,5700.8
2026-02-18,Growth Fund,Buy,BABA,4,287.23
2026-02-19,Growth Fund,Buy,GOOGL,13,4349.38
2026-02-20,Dividend Fund,Sell,NVDA,-5,2037.34
2026-02-21,Value Fund,Sell,MSFT,-53,9634.22
2026-02-22,Tech Fund,Sell,AAPL,-59,10753.69
2026-02-23,Tech Fund,Sell,NVDA,-30,5099.15
2026-02-24,Growth Fund,Buy,GOOG,65,29055.28
2026-02-25,Dividend Fund,Sell,NFLX,-75,14501.55
2026-02-26,Tech Fund,Buy,GOOGL,19,4134.33
2026-02-27,Value Fund,Sell,NVDA,-26,12543.91
2026-02-28,Value Fund,Sell,BABA,-7,2227.95
2026-03-01,Tech Fund,Buy,NVDA,3,671.81
2026-03-02,Value Fund,Buy,MSFT,84,18024.44
2026-03-03,Value Fund,Buy,GOOG,32,11097.67
2026-03-04,Dividend Fund,Sell,META,-55,7250.63
2026-03-05,Value Fund,Sell,GOOGL,-79,8389.15
2026-03-06,Value Fund,Sell,GOOG,-10,787.28
2026-03-07,Growth Fund,Sell,MSFT,-12,5385.12
2026-03-08,Dividend Fund,Buy,GOOG,40,16786.35
2026-03-09,Growth Fund,Sell,META,-60,18849.13
2026-03-10,Growth Fund,Sell,TSLA,-25,10480.84
2026-03-11,Dividend Fund,Sell,META,-56,10296.1
2026-03-12,Value Fund,Buy,AMZN,42,5044.26
2026-03-13,Growth Fund,Sell,BABA,-84,33101.82
2026-03-14,Tech Fund,Buy,NVDA,85,10461.91
2026-03-15,Growth Fund,Sell,TSLA,-83,40964.61
2026-03-16,Growth Fund,Buy,NFLX,45,11817.65
2026-03-17,Dividend Fund,Sell,AAPL,-82,21211.35
2026-03-18,Tech Fund,Sell,MSFT,-90,10278.61
2026-03-19,Value Fund,Buy,TSLA,79,31560.65
2026-03-20,Tech Fund,Buy,TSLA,33,13409.35
2026-03-21,Value Fund,Sell,GOOGL,-42,11611.59
2026-03-22,Growth Fund,Buy,NVDA,10,3733.77
2026-03-23,Dividend Fund,Buy,GOOGL,58,20707.46
2026-03-24,Dividend Fund,Sell,MSFT,-19,4364.69
2026-03-25,Tech Fund,Buy,GOOGL,50,20563.79
2026-03-26,Tech Fund,Buy,TSLA,91,38749.87
2026-03-27,Growth Fund,Buy,NVDA,96,14194.3
2026-03-28,Dividend Fund,Buy,GOOG,20,3800.71
2026-03-29,Tech Fund,Buy,TSLA,11,4948.2
2026-03-30,Growth Fund,Sell,BABA,-6,2167.25
2026-03-31,Growth Fund,Buy,AMZN,96,10674.67
2026-04-01,Tech Fund,Sell,NFLX,-60,3559.48
2026-04-02,Value Fund,Buy,GOOG,5,1014.84
2026-04-03,Value Fund,Buy,BABA,13,3208.39
2026-04-04,Dividend Fund,Sell,AMZN,-36,13896.2
2026-04-05,Value Fund,Sell,NVDA,-30,9360.42
2026-04-06,Value Fund,Sell,MSFT,-53,3747.92
2026-04-07,Growth Fund,Buy,BABA,9,3690.63
2026-04-08,Dividend Fund,Buy,GOOG,65,10834.73
2026-04-09,Value Fund,Buy,BABA,52,4575.87
2026-04-10,Tech Fund,Buy,MSFT,70,21766.97
2026-04-11,Value Fund,Sell,MSFT,-57,11643.59
2026-04-12,Growth Fund,Buy,NVDA,19,1549.69
2026-04-13,Dividend Fund,Sell,TSLA,-100,47261.03
2026-04-14,Growth Fund,Sell,NFLX,-63,15141.31
2026-04-15,Tech Fund,Buy,NFLX,21,1606.9
2026-04-16,Dividend Fund,Sell,GOOG,-35,8301.13
2026-04-17,Value Fund,Sell,GOOG,-21,3546.22
2026-04-18,Value Fund,Sell,NFLX,-40,14569.1
2026-04-19,Growth Fund,Sell,GOOG,-7,3419.73
2026-04-20,Growth Fund,Buy,AMZN,67,27815.56
2026-04-21,Tech Fund,Buy,GOOG,19,5371.24
2026-04-22,Dividend Fund,Sell,NFLX,-75,13914.61
2026-04-23,Value Fund,Sell,NVDA,-90,24312.86
2026-04-24,Dividend Fund,Sell,MSFT,-86,33480.66
2026-04-25,Value Fund,Buy,NFLX,44,11005.93
2026-04-26,Growth Fund,Buy,META,30,5928.9
2026-04-27,Dividend Fund,Buy,NFLX,97,8240.36
2026-04-28,Value Fund,Buy,NFLX,30,9486.58
2026-04-29,Value Fund,Sell,BABA,-37,14071.25
2026-04-30,Dividend Fund,Sell,META,-36,9408.78
2026-05-01,Value Fund,Buy,META,31,7643.13
2026-05-02,Dividend Fund,Sell,AMZN,-26,9646.04
2026-05-03,Growth Fund,Buy,NFLX,53,8182.51
2026-05-04,Growth Fund,Sell,MSFT,-68,4836.93
2026-05-05,Growth Fund,Sell,AMZN,-50,6833.76
2026-05-06,Tech Fund,Buy,NFLX,63,16169.22
2026-05-07,Tech Fund,Buy,AMZN,36,15618.04
2026-05-08,Value Fund,Buy,MSFT,52,20948.45
2026-05-09,Growth Fund,Buy,AMZN,13,3271.78
2026-05-10,Dividend Fund,Sell,AMZN,-70,10172.93
2026-05-11,Value Fund,Buy,NFLX,6,1687.74
2026-05-12,Dividend Fund,Sell,AAPL,-85,13625.16
2026-05-13,Dividend Fund,Buy,NFLX,39,11113.15
2026-05-14,Value Fund,Buy,META,9,3637.91
2026-05-15,Dividend Fund,Buy,NFLX,16,2806.91
2026-05-16,Growth Fund,Sell,NVDA,-11,1335.62
2026-05-17,Growth Fund,Sell,AAPL,-71,32332.34
2026-05-18,Tech Fund,Buy,AMZN,18,2667.17
2026-05-19,Value Fund,Sell,NFLX,-3,157.64
2026-05-20,Value Fund,Buy,TSLA,11,3201.14
2026-05-21,Tech Fund,Sell,AMZN,-72,8356.78
2026-05-22,Value Fund,Sell,GOOGL,-74,20959.91
2026-05-23,Tech Fund,Sell,TSLA,-88,18335.67
2026-05-24,Value Fund,Sell,META,-58,3813.14
2026-05-25,Growth Fund,Buy,TSLA,41,12086.44
2026-05-26,Dividend Fund,Buy,GOOGL,100,45889.78
2026-05-27,Value Fund,Sell,META,-83,33042.16
2026-05-28,Dividend Fund,Buy,GOOG,36,10868.25
2026-05-29,Growth Fund,Sell,TSLA,-24,9324.69
2026-05-30,Tech Fund,Sell,AMZN,-55,16207.28
2026-05-31,Value Fund,Sell,GOOG,-23,10590.84
2026-06-01,Tech Fund,Sell,NVDA,-90,34116.31
2026-06-02,Growth Fund,Buy,TSLA,1,257.87
2026-06-03,Value Fund,Buy,BABA,54,12862.27
2026-06-04,Dividend Fund,Buy,MSFT,5,924.46
2026-06-05,Dividend Fund,Buy,NFLX,69,10578.62
2026-06-06,Tech Fund,Buy,TSLA,94,21110.53
2026-06-07,Value Fund,Buy,NVDA,13,4537.57
2026-06-08,Value Fund,Sell,GOOGL,-36,16534.63
2026-06-09,Dividend Fund,Buy,TSLA,65,10231.93
2026-06-10,Value Fund,Sell,AAPL,-29,7970.9
2026-06-11,Growth Fund,Sell,AMZN,-79,22732.01
2026-06-12,Tech Fund,Buy,GOOG,4,1955.44
2026-06-13,Growth Fund,Sell,GOOG,-89,36505.1
2026-06-14,Dividend Fund,Buy,GOOGL,53,15313.3
2026-06-15,Growth Fund,Buy,META,34,15251.9
2026-06-16,Value Fund,Buy,NFLX,3,800.49
2026-06-17,Growth Fund,Sell,TSLA,-73,11256.95
2026-06-18,Tech Fund,Sell,GOOG,-6,1816.05
2026-06-19,Growth Fund,Buy,TSLA,30,13545.39
2026-06-20,Growth Fund,Sell,AMZN,-30,8008.3
2026-06-21,Tech Fund,Sell,NFLX,-41,17115.07
2026-06-22,Growth Fund,Sell,NFLX,-63,17843.68
2026-06-23,Dividend Fund,Buy,META,30,3442.14
2026-06-24,Dividend Fund,Sell,BABA,-12,3587.69
2026-06-25,Value Fund,Sell,AAPL,-40,7248.66
2026-06-26,Growth Fund,Sell,TSLA,-10,3688.81
2026-06-27,Growth Fund,Buy,AAPL,14,5268.56
2026-06-28,Tech Fund,Buy,NFLX,12,2061.78
2026-06-29,Dividend Fund,Sell,GOOGL,-80,37956.48
2026-06-30,Growth Fund,Buy,GOOG,56,14549.65
2026-07-01,Value Fund,Buy,META,74,28396.89
2026-07-02,Dividend Fund,Buy,NVDA,14,2406.0
2026-07-03,Growth Fund,Sell,AMZN,-63,20460.14
2026-07-04,Dividend Fund,Sell,AAPL,-54,14711.18
2026-07-05,Value Fund,Sell,GOOGL,-83,38002.26
2026-07-06,Value Fund,Buy,GOOGL,13,4880.54
2026-07-07,Value Fund,Buy,META,1,235.25
2026-07-08,Tech Fund,Buy,NFLX,72,27301.25
2026-07-09,Tech Fund,Sell,TSLA,-30,4584.48
2026-07-10,Tech Fund,Sell,META,-12,4758.97
2026-07-11,Tech Fund,Buy,MSFT,44,19541.31
2026-07-12,Value Fund,Sell,AAPL,-7,2879.58
2026-07-13,Value Fund,Sell,META,-44,21882.37
2026-07-14,Dividend Fund,Sell,NFLX,-59,24803.7
2026-07-15,Tech Fund,Sell,TSLA,-11,3158.21
2026-07-16,Dividend Fund,Buy,NFLX,99,45672.07
2026-07-17,Tech Fund,Buy,AAPL,59,8693.5
2026-07-18,Value Fund,Sell,MSFT,-88,33270.7
2026-07-19,Dividend Fund,Buy,GOOG,39,7396.36
2026-07-20,Dividend Fund,Buy,GOOG,35,15861.75
2026-07-21,Growth Fund,Buy,GOOG,66,15955.41
2026-07-22,Tech Fund,Sell,AAPL,-60,16626.18
2026-07-23,Dividend Fund,Buy,META,10,2491.35
2026-07-24,Dividend Fund,Buy,META,5,430.7
2026-07-25,Tech Fund,Sell,GOOGL,-99,10722.14
2026-07-26,Tech Fund,Buy,TSLA,45,10246.82
2026-07-27,Tech Fund,Sell,GOOG,-75,4916.39
2026-07-28,Tech Fund,Buy,MSFT,7,3365.26
2026-07-29,Growth Fund,Buy,MSFT,44,21312.26
2026-07-30,Value Fund,Sell,GOOGL,-18,4628.54
2026-07-31,Value Fund,Buy,GOOG,8,1243.53
2026-08-01,Dividend Fund,Buy,AMZN,2,364.1
2026-08-02,Dividend Fund,Sell,MSFT,-43,11745.16
2026-08-03,Value Fund,Sell,AMZN,-91,20751.16
2026-08-04,Growth Fund,Buy,NVDA,57,27926.07
2026-08-05,Tech Fund,Sell,AMZN,-22,10067.22
2026-08-06,Growth Fund,Sell,TSLA,-21,8930.34
2026-08-07,Growth Fund,Buy,NVDA,12,1680.68
2026-08-08,Value Fund,Sell,AMZN,-51,5827.7
2026-08-09,Value Fund,Sell,TSLA,-84,8014.33
2026-08-10,Tech Fund,Sell,NVDA,-64,31381.77
2026-08-11,Growth Fund,Sell,AMZN,-65,28428.38
2026-08-12,Dividend Fund,Sell,GOOG,-85,5541.7
2026-08-13,Dividend Fund,Buy,AAPL,28,7588.99
2026-08-14,Growth Fund,Buy,AMZN,79,38582.82
2026-08-15,Dividend Fund,Sell,NFLX,-43,15901.82
2026-08-16,Tech Fund,Sell,AMZN,-27,11250.46
2026-08-17,Growth Fund,Sell,BABA,-62,22852.68
2026-08-18,Tech Fund,Buy,AAPL,21,7909.18
2026-08-19,Tech Fund,Buy,AMZN,85,15192.26
2026-08-20,Tech Fund,Sell,AAPL,-34,13445.5
2026-08-21,Growth Fund,Sell,TSLA,-49,16509.78
2026-08-22,Value Fund,Buy,TSLA,47,9172.3
2026-08-23,Value Fund,Buy,AAPL,83,30532.43
2026-08-24,Growth Fund,Sell,NVDA,-24,10138.54
2026-08-25,Tech Fund,Buy,GOOGL,78,34860.3
2026-08-26,Growth Fund,Buy,GOOGL,53,22923.88
2026-08-27,Value Fund,Sell,GOOGL,-95,44521.21
2026-08-28,Growth Fund,Buy,MSFT,72,8912.45
2026-08-29,Dividend Fund,Sell,AAPL,-68,5591.49
2026-08-30,Value Fund,Buy,NVDA,41,16633.28
2026-08-31,Growth Fund,Sell,GOOG,-72,19964.43
2026-09-01,Value Fund,Buy,MSFT,83,6938.87
2026-09-02,Dividend Fund,Sell,MSFT,-30,6704.51
2026-09-03,Dividend Fund,Sell,GOOG,-85,41814.48
2026-09-04,Dividend Fund,Buy,MSFT,61,4131.53
2026-09-05,Tech Fund,Buy,META,48,18043.23
2026-09-06,Value Fund,Buy,TSLA,52,5235.55
2026-09-07,Growth Fund,Sell,GOOG,-46,8050.71
2026-09-08,Growth Fund,Sell,GOOG,-27,9169.52
2026-09-09,Tech Fund,Sell,NVDA,-82,39148.43
2026-09-10,Growth Fund,Sell,MSFT,-14,3556.87
2026-09-11,Tech Fund,Buy,TSLA,61,8771.06
2026-09-12,Growth Fund,Sell,AAPL,-87,38565.17
2026-09-13,Growth Fund,Sell,TSLA,-18,2084.25
2026-09-14,Tech Fund,Buy,NFLX,79,32442.12
2026-09-15,Dividend Fund,Sell,NFLX,-6,2377.25
2026-09-16,Growth Fund,Sell,GOOG,-81,8255.88
2026-09-17,Value Fund,Sell,MSFT,-64,21416.61
2026-09-18,Tech Fund,Buy,BABA,17,7248.23
2026-09-19,Value Fund,Buy,META,5,1480.65
2026-09-20,Growth Fund,Sell,META,-97,21673.93
2026-09-21,Growth Fund,Sell,MSFT,-58,11663.73
2026-09-22,Value Fund,Buy,BABA,46,10469.36
2026-09-23,Value Fund,Sell,GOOG,-50,21206.8
2026-09-24,Dividend Fund,Sell,TSLA,-51,16032.69
2026-09-25,Dividend Fund,Buy,AAPL,47,20320.3
2026-09-26,Value Fund,Sell,MSFT,-34,2715.01
